file,split,row,location,time,light,subject,license
test_0000.jpg,test,0,outdoor,day,sun_sky,man_made,Adobe
test_0003.jpg,test,3,outdoor,day,sun_sky,nature,AdobeMIT
test_0004.jpg,test,4,outdoor,day,sun_sky,nature,AdobeMIT
test_0005.jpg,test,5,outdoor,day,sun_sky,man_made,AdobeMIT
test_0006.jpg,test,6,outdoor,unknown,sun_sky,nature,AdobeMIT
test_0008.jpg,test,8,outdoor,dusk,sun_sky,nature,Adobe
test_0012.jpg,test,12,outdoor,day,sun_sky,nature,AdobeMIT
test_0016.jpg,test,16,outdoor,day,sun_sky,man_made,Adobe
test_0017.jpg,test,17,outdoor,dusk,sun_sky,nature,AdobeMIT
test_0025.jpg,test,25,outdoor,day,sun_sky,nature,AdobeMIT
test_0030.jpg,test,30,outdoor,day,sun_sky,man_made,Adobe
test_0031.jpg,test,31,outdoor,day,sun_sky,nature,AdobeMIT
test_0034.jpg,test,34,outdoor,day,sun_sky,man_made,Adobe
test_0035.jpg,test,35,outdoor,day,sun_sky,man_made,Adobe
test_0037.jpg,test,37,outdoor,day,sun_sky,nature,AdobeMIT
test_0039.jpg,test,39,outdoor,dusk,sun_sky,man_made,Adobe
test_0040.jpg,test,40,outdoor,unknown,sun_sky,man_made,Adobe
test_0042.jpg,test,42,outdoor,day,sun_sky,man_made,Adobe
test_0043.jpg,test,43,outdoor,day,sun_sky,nature,Adobe
test_0044.jpg,test,44,outdoor,day,sun_sky,man_made,Adobe
test_0045.jpg,test,45,outdoor,day,sun_sky,man_made,Adobe
test_0050.jpg,test,50,outdoor,night,mixed,nature,AdobeMIT
test_0053.jpg,test,53,outdoor,day,sun_sky,man_made,Adobe
test_0057.jpg,test,57,outdoor,day,sun_sky,nature,Adobe
test_0059.jpg,test,59,outdoor,day,sun_sky,man_made,Adobe
test_0060.jpg,test,60,outdoor,unknown,sun_sky,nature,AdobeMIT
test_0061.jpg,test,61,outdoor,day,sun_sky,man_made,Adobe
test_0064.jpg,test,64,outdoor,day,sun_sky,man_made,Adobe
test_0066.jpg,test,66,outdoor,day,sun_sky,man_made,Adobe
test_0073.jpg,test,73,outdoor,dusk,sun_sky,man_made,AdobeMIT
test_0075.jpg,test,75,outdoor,day,sun_sky,man_made,Adobe
test_0076.jpg,test,76,outdoor,night,artificial,man_made,AdobeMIT
test_0077.jpg,test,77,outdoor,unknown,sun_sky,nature,AdobeMIT
test_0079.jpg,test,79,outdoor,day,sun_sky,man_made,Adobe
test_0081.jpg,test,81,outdoor,day,sun_sky,nature,AdobeMIT
test_0082.jpg,test,82,outdoor,day,sun_sky,nature,AdobeMIT
test_0083.jpg,test,83,outdoor,day,sun_sky,nature,AdobeMIT
test_0085.jpg,test,85,outdoor,day,sun_sky,nature,AdobeMIT
test_0087.jpg,test,87,outdoor,day,sun_sky,man_made,Adobe
test_0088.jpg,test,88,outdoor,day,sun_sky,man_made,AdobeMIT
test_0091.jpg,test,91,outdoor,day,sun_sky,man_made,AdobeMIT
test_0092.jpg,test,92,outdoor,day,sun_sky,man_made,AdobeMIT
test_0094.jpg,test,94,outdoor,day,sun_sky,nature,Adobe
test_0095.jpg,test,95,outdoor,day,sun_sky,man_made,Adobe
test_0098.jpg,test,98,outdoor,unknown,sun_sky,nature,Adobe
test_0102.jpg,test,102,outdoor,day,sun_sky,man_made,AdobeMIT
test_0103.jpg,test,103,outdoor,day,sun_sky,man_made,AdobeMIT
test_0107.jpg,test,107,outdoor,dusk,sun_sky,nature,Adobe
test_0108.jpg,test,108,outdoor,day,sun_sky,nature,AdobeMIT
test_0114.jpg,test,114,outdoor,day,sun_sky,man_made,AdobeMIT
test_0115.jpg,test,115,outdoor,day,sun_sky,man_made,Adobe
test_0117.jpg,test,117,outdoor,day,sun_sky,man_made,Adobe
test_0119.jpg,test,119,outdoor,day,sun_sky,nature,AdobeMIT
test_0121.jpg,test,121,outdoor,dusk,sun_sky,man_made,AdobeMIT
test_0122.jpg,test,122,outdoor,day,sun_sky,nature,AdobeMIT
test_0125.jpg,test,125,outdoor,day,sun_sky,man_made,Adobe
test_0126.jpg,test,126,outdoor,day,sun_sky,man_made,Adobe
test_0130.jpg,test,130,outdoor,day,sun_sky,nature,AdobeMIT
test_0131.jpg,test,131,outdoor,day,sun_sky,man_made,AdobeMIT
test_0132.jpg,test,132,outdoor,day,sun_sky,man_made,Adobe
test_0133.jpg,test,133,outdoor,day,sun_sky,nature,Adobe
test_0134.jpg,test,134,outdoor,day,sun_sky,man_made,Adobe
test_0135.jpg,test,135,outdoor,day,sun_sky,man_made,Adobe
test_0137.jpg,test,137,outdoor,day,sun_sky,nature,Adobe
test_0138.jpg,test,138,outdoor,night,mixed,man_made,AdobeMIT
test_0139.jpg,test,139,outdoor,day,sun_sky,nature,Adobe
test_0140.jpg,test,140,outdoor,day,sun_sky,man_made,Adobe
test_0143.jpg,test,143,outdoor,day,sun_sky,man_made,Adobe
test_0145.jpg,test,145,outdoor,day,sun_sky,nature,Adobe
test_0147.jpg,test,147,outdoor,day,sun_sky,nature,AdobeMIT
test_0149.jpg,test,149,outdoor,day,sun_sky,nature,Adobe
test_0151.jpg,test,151,outdoor,day,sun_sky,man_made,Adobe
test_0153.jpg,test,153,outdoor,day,sun_sky,nature,AdobeMIT
test_0154.jpg,test,154,outdoor,day,sun_sky,nature,AdobeMIT
test_0157.jpg,test,157,outdoor,day,sun_sky,nature,Adobe
test_0163.jpg,test,163,outdoor,day,sun_sky,nature,AdobeMIT
test_0166.jpg,test,166,outdoor,day,sun_sky,nature,AdobeMIT
test_0170.jpg,test,170,outdoor,day,sun_sky,nature,Adobe
test_0176.jpg,test,176,outdoor,day,sun_sky,nature,AdobeMIT
test_0177.jpg,test,177,outdoor,day,sun_sky,man_made,AdobeMIT
test_0178.jpg,test,178,outdoor,unknown,sun_sky,man_made,AdobeMIT
test_0180.jpg,test,180,outdoor,day,sun_sky,man_made,AdobeMIT
test_0181.jpg,test,181,outdoor,day,sun_sky,man_made,Adobe
test_0183.jpg,test,183,outdoor,day,sun_sky,man_made,AdobeMIT
test_0184.jpg,test,184,outdoor,day,sun_sky,man_made,Adobe
test_0187.jpg,test,187,outdoor,day,sun_sky,man_made,AdobeMIT
test_0189.jpg,test,189,outdoor,day,sun_sky,man_made,AdobeMIT
test_0190.jpg,test,190,outdoor,day,sun_sky,nature,Adobe
test_0193.jpg,test,193,outdoor,day,sun_sky,man_made,Adobe
test_0195.jpg,test,195,outdoor,day,sun_sky,nature,AdobeMIT
test_0197.jpg,test,197,outdoor,day,sun_sky,man_made,Adobe
test_0199.jpg,test,199,outdoor,day,sun_sky,nature,AdobeMIT
test_0200.jpg,test,200,outdoor,day,sun_sky,man_made,Adobe
test_0201.jpg,test,201,outdoor,day,sun_sky,nature,AdobeMIT
test_0202.jpg,test,202,outdoor,day,sun_sky,man_made,AdobeMIT
test_0205.jpg,test,205,outdoor,day,sun_sky,nature,AdobeMIT
test_0206.jpg,test,206,outdoor,unknown,sun_sky,nature,Adobe
test_0208.jpg,test,208,outdoor,day,sun_sky,man_made,Adobe
test_0210.jpg,test,210,outdoor,unknown,sun_sky,man_made,Adobe
test_0211.jpg,test,211,outdoor,day,sun_sky,man_made,AdobeMIT
test_0212.jpg,test,212,outdoor,dusk,sun_sky,man_made,Adobe
test_0213.jpg,test,213,outdoor,day,sun_sky,man_made,Adobe
test_0215.jpg,test,215,outdoor,day,sun_sky,man_made,Adobe
test_0218.jpg,test,218,outdoor,day,sun_sky,man_made,Adobe
test_0219.jpg,test,219,outdoor,day,sun_sky,man_made,Adobe
test_0221.jpg,test,221,outdoor,day,sun_sky,nature,Adobe
test_0223.jpg,test,223,outdoor,day,sun_sky,nature,AdobeMIT
test_0224.jpg,test,224,outdoor,day,sun_sky,nature,AdobeMIT
test_0228.jpg,test,228,outdoor,day,sun_sky,man_made,Adobe
test_0229.jpg,test,229,outdoor,day,sun_sky,nature,AdobeMIT
test_0231.jpg,test,231,outdoor,day,sun_sky,nature,AdobeMIT
test_0234.jpg,test,234,outdoor,day,sun_sky,man_made,Adobe
test_0235.jpg,test,235,outdoor,day,sun_sky,nature,AdobeMIT
test_0236.jpg,test,236,outdoor,dusk,sun_sky,nature,AdobeMIT
test_0237.jpg,test,237,outdoor,day,sun_sky,man_made,Adobe
test_0240.jpg,test,240,outdoor,day,sun_sky,man_made,Adobe
test_0243.jpg,test,243,outdoor,day,sun_sky,man_made,Adobe
test_0245.jpg,test,245,outdoor,dusk,sun_sky,nature,Adobe
test_0248.jpg,test,248,outdoor,dusk,sun_sky,nature,AdobeMIT
test_0249.jpg,test,249,outdoor,day,sun_sky,man_made,Adobe
test_0251.jpg,test,251,outdoor,day,sun_sky,man_made,AdobeMIT
test_0254.jpg,test,254,outdoor,day,sun_sky,man_made,AdobeMIT
test_0258.jpg,test,258,outdoor,day,sun_sky,man_made,AdobeMIT
test_0259.jpg,test,259,outdoor,day,sun_sky,nature,Adobe
test_0265.jpg,test,265,outdoor,day,sun_sky,nature,AdobeMIT
test_0268.jpg,test,268,outdoor,day,sun_sky,nature,Adobe
test_0270.jpg,test,270,outdoor,day,sun_sky,nature,AdobeMIT
test_0272.jpg,test,272,outdoor,day,sun_sky,man_made,AdobeMIT
test_0273.jpg,test,273,outdoor,day,sun_sky,man_made,AdobeMIT
test_0275.jpg,test,275,outdoor,day,sun_sky,nature,AdobeMIT
test_0276.jpg,test,276,outdoor,day,sun_sky,man_made,AdobeMIT
test_0279.jpg,test,279,outdoor,day,sun_sky,man_made,AdobeMIT
test_0282.jpg,test,282,outdoor,day,sun_sky,nature,AdobeMIT
test_0284.jpg,test,284,outdoor,day,sun_sky,man_made,Adobe
test_0285.jpg,test,285,outdoor,day,sun_sky,man_made,AdobeMIT
test_0286.jpg,test,286,outdoor,day,sun_sky,nature,AdobeMIT
test_0288.jpg,test,288,outdoor,day,sun_sky,man_made,Adobe
test_0289.jpg,test,289,outdoor,day,sun_sky,man_made,AdobeMIT
test_0291.jpg,test,291,outdoor,day,sun_sky,nature,AdobeMIT
test_0292.jpg,test,292,outdoor,day,sun_sky,man_made,Adobe
test_0293.jpg,test,293,outdoor,day,sun_sky,nature,Adobe
test_0294.jpg,test,294,outdoor,day,sun_sky,man_made,Adobe
test_0295.jpg,test,295,outdoor,day,sun_sky,man_made,Adobe
test_0296.jpg,test,296,outdoor,day,sun_sky,man_made,AdobeMIT
test_0298.jpg,test,298,outdoor,day,sun_sky,man_made,Adobe
test_0301.jpg,test,301,outdoor,day,sun_sky,man_made,Adobe
test_0307.jpg,test,307,outdoor,day,sun_sky,man_made,Adobe
test_0311.jpg,test,311,outdoor,day,sun_sky,man_made,Adobe
test_0312.jpg,test,312,outdoor,day,sun_sky,man_made,AdobeMIT
test_0313.jpg,test,313,outdoor,day,sun_sky,man_made,Adobe
test_0315.jpg,test,315,outdoor,day,sun_sky,man_made,AdobeMIT
test_0317.jpg,test,317,outdoor,day,sun_sky,nature,Adobe
test_0318.jpg,test,318,outdoor,day,sun_sky,man_made,AdobeMIT
test_0319.jpg,test,319,outdoor,day,sun_sky,nature,AdobeMIT
test_0321.jpg,test,321,outdoor,day,sun_sky,man_made,AdobeMIT
test_0324.jpg,test,324,outdoor,dusk,sun_sky,nature,Adobe
test_0325.jpg,test,325,outdoor,dusk,sun_sky,man_made,Adobe
test_0328.jpg,test,328,outdoor,day,sun_sky,nature,AdobeMIT
test_0330.jpg,test,330,outdoor,dusk,sun_sky,man_made,Adobe
test_0334.jpg,test,334,outdoor,day,sun_sky,man_made,Adobe
test_0335.jpg,test,335,outdoor,day,sun_sky,nature,AdobeMIT
test_0337.jpg,test,337,outdoor,day,sun_sky,nature,Adobe
test_0339.jpg,test,339,outdoor,day,sun_sky,nature,Adobe
test_0340.jpg,test,340,outdoor,day,sun_sky,nature,AdobeMIT
test_0346.jpg,test,346,outdoor,dusk,mixed,man_made,Adobe
test_0349.jpg,test,349,outdoor,day,sun_sky,man_made,Adobe
test_0350.jpg,test,350,outdoor,day,sun_sky,man_made,AdobeMIT
test_0354.jpg,test,354,outdoor,day,sun_sky,nature,Adobe
test_0355.jpg,test,355,outdoor,day,sun_sky,man_made,AdobeMIT
test_0356.jpg,test,356,outdoor,day,sun_sky,man_made,Adobe
test_0357.jpg,test,357,outdoor,day,sun_sky,man_made,Adobe
test_0358.jpg,test,358,outdoor,day,sun_sky,man_made,AdobeMIT
test_0359.jpg,test,359,outdoor,day,sun_sky,nature,Adobe
test_0361.jpg,test,361,outdoor,day,sun_sky,man_made,AdobeMIT
test_0362.jpg,test,362,outdoor,day,sun_sky,nature,AdobeMIT
test_0364.jpg,test,364,outdoor,day,sun_sky,nature,Adobe
test_0366.jpg,test,366,outdoor,unknown,sun_sky,nature,AdobeMIT
test_0367.jpg,test,367,outdoor,day,sun_sky,man_made,Adobe
test_0368.jpg,test,368,outdoor,day,sun_sky,nature,Adobe
test_0370.jpg,test,370,outdoor,day,sun_sky,man_made,Adobe
test_0373.jpg,test,373,outdoor,day,sun_sky,man_made,Adobe
test_0375.jpg,test,375,outdoor,day,sun_sky,man_made,AdobeMIT
test_0377.jpg,test,377,outdoor,day,sun_sky,man_made,Adobe
test_0379.jpg,test,379,outdoor,day,sun_sky,man_made,Adobe
test_0380.jpg,test,380,outdoor,day,sun_sky,man_made,Adobe
test_0383.jpg,test,383,outdoor,day,sun_sky,nature,AdobeMIT
test_0384.jpg,test,384,outdoor,day,sun_sky,man_made,AdobeMIT
test_0385.jpg,test,385,outdoor,unknown,sun_sky,nature,Adobe
test_0386.jpg,test,386,outdoor,day,sun_sky,man_made,Adobe
test_0387.jpg,test,387,outdoor,day,sun_sky,nature,AdobeMIT
test_0389.jpg,test,389,outdoor,day,sun_sky,man_made,AdobeMIT
test_0393.jpg,test,393,outdoor,day,sun_sky,man_made,Adobe
test_0395.jpg,test,395,outdoor,day,sun_sky,man_made,Adobe
test_0396.jpg,test,396,outdoor,unknown,sun_sky,nature,AdobeMIT
test_0399.jpg,test,399,outdoor,day,sun_sky,nature,AdobeMIT
test_0400.jpg,test,400,outdoor,day,sun_sky,man_made,Adobe
test_0404.jpg,test,404,outdoor,day,sun_sky,nature,Adobe
test_0405.jpg,test,405,outdoor,day,sun_sky,man_made,AdobeMIT
test_0406.jpg,test,406,outdoor,day,mixed,man_made,Adobe
test_0407.jpg,test,407,outdoor,day,sun_sky,nature,AdobeMIT
test_0408.jpg,test,408,outdoor,day,sun_sky,man_made,Adobe
test_0410.jpg,test,410,outdoor,day,sun_sky,nature,AdobeMIT
test_0414.jpg,test,414,outdoor,day,sun_sky,man_made,Adobe
test_0416.jpg,test,416,outdoor,day,sun_sky,man_made,Adobe
test_0417.jpg,test,417,outdoor,day,sun_sky,man_made,AdobeMIT
test_0418.jpg,test,418,outdoor,day,sun_sky,nature,Adobe
test_0419.jpg,test,419,outdoor,night,artificial,man_made,Adobe
test_0422.jpg,test,422,outdoor,dusk,sun_sky,man_made,Adobe
test_0426.jpg,test,426,outdoor,day,sun_sky,man_made,AdobeMIT
test_0427.jpg,test,427,outdoor,day,sun_sky,man_made,AdobeMIT
test_0428.jpg,test,428,outdoor,day,sun_sky,man_made,AdobeMIT
test_0430.jpg,test,430,outdoor,day,sun_sky,man_made,AdobeMIT
test_0431.jpg,test,431,outdoor,day,sun_sky,man_made,AdobeMIT
test_0433.jpg,test,433,outdoor,night,artificial,man_made,AdobeMIT
test_0435.jpg,test,435,outdoor,day,sun_sky,man_made,AdobeMIT
test_0436.jpg,test,436,outdoor,day,sun_sky,nature,Adobe
test_0438.jpg,test,438,outdoor,day,sun_sky,nature,AdobeMIT
test_0440.jpg,test,440,outdoor,day,sun_sky,nature,Adobe
test_0441.jpg,test,441,outdoor,dusk,sun_sky,nature,Adobe
test_0442.jpg,test,442,outdoor,day,sun_sky,man_made,Adobe
test_0444.jpg,test,444,outdoor,day,sun_sky,nature,Adobe
test_0447.jpg,test,447,outdoor,dusk,sun_sky,man_made,Adobe
test_0448.jpg,test,448,outdoor,dusk,sun_sky,nature,Adobe
test_0451.jpg,test,451,outdoor,unknown,sun_sky,nature,Adobe
test_0452.jpg,test,452,outdoor,day,sun_sky,man_made,AdobeMIT
test_0454.jpg,test,454,outdoor,day,sun_sky,man_made,AdobeMIT
test_0458.jpg,test,458,outdoor,day,sun_sky,man_made,AdobeMIT
test_0459.jpg,test,459,outdoor,day,sun_sky,nature,AdobeMIT
test_0462.jpg,test,462,outdoor,day,sun_sky,nature,Adobe
test_0465.jpg,test,465,outdoor,day,sun_sky,man_made,Adobe
test_0466.jpg,test,466,outdoor,unknown,sun_sky,nature,AdobeMIT
test_0467.jpg,test,467,outdoor,day,sun_sky,man_made,AdobeMIT
test_0468.jpg,test,468,outdoor,day,sun_sky,man_made,Adobe
test_0471.jpg,test,471,outdoor,night,sun_sky,man_made,AdobeMIT
test_0475.jpg,test,475,outdoor,day,sun_sky,man_made,AdobeMIT
test_0476.jpg,test,476,outdoor,dusk,mixed,man_made,Adobe
test_0477.jpg,test,477,outdoor,day,sun_sky,nature,Adobe
test_0480.jpg,test,480,outdoor,day,sun_sky,man_made,AdobeMIT
test_0488.jpg,test,488,outdoor,day,sun_sky,man_made,Adobe
test_0494.jpg,test,494,outdoor,day,sun_sky,man_made,AdobeMIT
test_0495.jpg,test,495,outdoor,day,sun_sky,man_made,Adobe
test_0496.jpg,test,496,outdoor,day,sun_sky,nature,AdobeMIT
test_0502.jpg,test,502,outdoor,day,sun_sky,nature,AdobeMIT
test_0504.jpg,test,504,outdoor,day,sun_sky,man_made,Adobe
test_0505.jpg,test,505,outdoor,day,sun_sky,nature,AdobeMIT
test_0508.jpg,test,508,outdoor,dusk,sun_sky,man_made,Adobe
test_0510.jpg,test,510,outdoor,day,sun_sky,man_made,AdobeMIT
test_0513.jpg,test,513,outdoor,day,sun_sky,man_made,Adobe
test_0518.jpg,test,518,outdoor,day,sun_sky,nature,Adobe
test_0519.jpg,test,519,outdoor,day,sun_sky,nature,Adobe
test_0523.jpg,test,523,outdoor,dusk,sun_sky,man_made,Adobe
test_0524.jpg,test,524,outdoor,dusk,sun_sky,nature,AdobeMIT
test_0527.jpg,test,527,outdoor,day,sun_sky,nature,Adobe
test_0528.jpg,test,528,outdoor,dusk,sun_sky,man_made,AdobeMIT
test_0530.jpg,test,530,outdoor,unknown,sun_sky,nature,AdobeMIT
test_0533.jpg,test,533,outdoor,day,sun_sky,man_made,Adobe
test_0534.jpg,test,534,outdoor,day,sun_sky,man_made,Adobe
test_0536.jpg,test,536,outdoor,day,sun_sky,man_made,Adobe
test_0538.jpg,test,538,outdoor,day,sun_sky,man_made,Adobe
test_0542.jpg,test,542,outdoor,day,sun_sky,man_made,Adobe
test_0543.jpg,test,543,outdoor,day,sun_sky,nature,AdobeMIT
test_0548.jpg,test,548,outdoor,day,sun_sky,man_made,Adobe
test_0553.jpg,test,553,outdoor,day,sun_sky,man_made,Adobe
test_0554.jpg,test,554,outdoor,day,sun_sky,nature,Adobe
test_0555.jpg,test,555,outdoor,day,sun_sky,man_made,AdobeMIT
test_0557.jpg,test,557,outdoor,day,sun_sky,nature,AdobeMIT
test_0558.jpg,test,558,outdoor,day,sun_sky,nature,AdobeMIT
test_0559.jpg,test,559,outdoor,day,sun_sky,man_made,Adobe
test_0560.jpg,test,560,outdoor,day,sun_sky,nature,Adobe
test_0561.jpg,test,561,outdoor,day,sun_sky,nature,AdobeMIT
test_0564.jpg,test,564,outdoor,day,sun_sky,nature,Adobe
test_0565.jpg,test,565,outdoor,night,sun_sky,man_made,Adobe
test_0566.jpg,test,566,outdoor,day,sun_sky,man_made,Adobe
test_0568.jpg,test,568,outdoor,day,sun_sky,man_made,Adobe
test_0572.jpg,test,572,outdoor,day,sun_sky,man_made,AdobeMIT
test_0573.jpg,test,573,outdoor,day,sun_sky,nature,AdobeMIT
test_0574.jpg,test,574,outdoor,day,sun_sky,nature,Adobe
test_0575.jpg,test,575,outdoor,day,sun_sky,nature,AdobeMIT
test_0576.jpg,test,576,outdoor,day,sun_sky,nature,AdobeMIT
test_0578.jpg,test,578,outdoor,day,sun_sky,man_made,Adobe
test_0591.jpg,test,591,outdoor,day,sun_sky,nature,Adobe
test_0594.jpg,test,594,outdoor,day,sun_sky,nature,AdobeMIT
test_0595.jpg,test,595,outdoor,unknown,sun_sky,man_made,Adobe
test_0596.jpg,test,596,outdoor,day,sun_sky,nature,AdobeMIT
test_0598.jpg,test,598,outdoor,day,sun_sky,man_made,Adobe
test_0600.jpg,test,600,outdoor,day,sun_sky,nature,Adobe
test_0601.jpg,test,601,outdoor,day,sun_sky,man_made,Adobe
test_0603.jpg,test,603,outdoor,day,sun_sky,man_made,Adobe
test_0608.jpg,test,608,outdoor,day,sun_sky,man_made,Adobe
test_0609.jpg,test,609,outdoor,day,sun_sky,man_made,AdobeMIT
test_0613.jpg,test,613,outdoor,day,sun_sky,man_made,AdobeMIT
test_0614.jpg,test,614,outdoor,day,sun_sky,man_made,Adobe
test_0615.jpg,test,615,outdoor,day,sun_sky,man_made,AdobeMIT
test_0617.jpg,test,617,outdoor,day,sun_sky,man_made,Adobe
test_0619.jpg,test,619,outdoor,day,sun_sky,nature,Adobe
test_0624.jpg,test,624,outdoor,day,sun_sky,man_made,Adobe
test_0625.jpg,test,625,outdoor,day,sun_sky,man_made,AdobeMIT
test_0626.jpg,test,626,outdoor,night,mixed,man_made,Adobe
test_0632.jpg,test,632,outdoor,day,sun_sky,nature,AdobeMIT
test_0633.jpg,test,633,outdoor,day,sun_sky,man_made,Adobe
test_0634.jpg,test,634,outdoor,day,sun_sky,man_made,Adobe
test_0636.jpg,test,636,outdoor,day,sun_sky,man_made,AdobeMIT
test_0638.jpg,test,638,outdoor,day,sun_sky,man_made,Adobe
test_0640.jpg,test,640,outdoor,day,sun_sky,nature,AdobeMIT
test_0642.jpg,test,642,outdoor,day,sun_sky,man_made,Adobe
test_0643.jpg,test,643,outdoor,day,sun_sky,nature,Adobe
test_0644.jpg,test,644,outdoor,day,sun_sky,nature,AdobeMIT
test_0646.jpg,test,646,outdoor,day,sun_sky,man_made,AdobeMIT
test_0648.jpg,test,648,outdoor,day,sun_sky,nature,AdobeMIT
test_0649.jpg,test,649,outdoor,day,sun_sky,nature,AdobeMIT
test_0650.jpg,test,650,outdoor,day,sun_sky,nature,AdobeMIT
test_0652.jpg,test,652,outdoor,dusk,sun_sky,man_made,AdobeMIT
test_0655.jpg,test,655,outdoor,day,sun_sky,man_made,Adobe
test_0656.jpg,test,656,outdoor,day,sun_sky,man_made,AdobeMIT
test_0658.jpg,test,658,outdoor,day,sun_sky,nature,AdobeMIT
test_0662.jpg,test,662,outdoor,day,sun_sky,man_made,Adobe
test_0664.jpg,test,664,outdoor,day,sun_sky,nature,Adobe
test_0665.jpg,test,665,outdoor,day,sun_sky,nature,AdobeMIT
test_0666.jpg,test,666,outdoor,day,sun_sky,man_made,AdobeMIT
test_0667.jpg,test,667,outdoor,day,sun_sky,nature,AdobeMIT
test_0668.jpg,test,668,outdoor,unknown,sun_sky,nature,AdobeMIT
test_0669.jpg,test,669,outdoor,day,sun_sky,nature,AdobeMIT
test_0671.jpg,test,671,outdoor,day,sun_sky,man_made,Adobe
test_0672.jpg,test,672,outdoor,night,mixed,man_made,AdobeMIT
test_0674.jpg,test,674,outdoor,day,sun_sky,man_made,AdobeMIT
test_0675.jpg,test,675,outdoor,day,sun_sky,nature,AdobeMIT
test_0678.jpg,test,678,outdoor,day,sun_sky,man_made,AdobeMIT
test_0679.jpg,test,679,outdoor,day,sun_sky,man_made,AdobeMIT
test_0682.jpg,test,682,outdoor,day,sun_sky,man_made,Adobe
test_0684.jpg,test,684,outdoor,night,artificial,man_made,AdobeMIT
test_0686.jpg,test,686,outdoor,day,sun_sky,man_made,AdobeMIT
test_0689.jpg,test,689,outdoor,day,sun_sky,nature,AdobeMIT
test_0690.jpg,test,690,outdoor,day,sun_sky,man_made,Adobe
test_0692.jpg,test,692,outdoor,day,sun_sky,man_made,AdobeMIT
test_0696.jpg,test,696,outdoor,day,sun_sky,nature,AdobeMIT
test_0700.jpg,test,700,outdoor,unknown,sun_sky,nature,AdobeMIT
test_0701.jpg,test,701,outdoor,day,sun_sky,nature,AdobeMIT
test_0706.jpg,test,706,outdoor,day,sun_sky,man_made,Adobe
test_0710.jpg,test,710,outdoor,day,sun_sky,man_made,AdobeMIT
test_0712.jpg,test,712,outdoor,day,sun_sky,man_made,Adobe
test_0713.jpg,test,713,outdoor,day,sun_sky,man_made,Adobe
test_0714.jpg,test,714,outdoor,day,sun_sky,nature,AdobeMIT
test_0715.jpg,test,715,outdoor,day,sun_sky,nature,Adobe
test_0719.jpg,test,719,outdoor,day,sun_sky,man_made,Adobe
test_0723.jpg,test,723,outdoor,day,sun_sky,man_made,AdobeMIT
test_0724.jpg,test,724,outdoor,day,sun_sky,nature,AdobeMIT
test_0727.jpg,test,727,outdoor,day,sun_sky,man_made,Adobe
test_0729.jpg,test,729,outdoor,day,sun_sky,nature,AdobeMIT
test_0736.jpg,test,736,outdoor,day,sun_sky,nature,AdobeMIT
test_0737.jpg,test,737,outdoor,day,sun_sky,man_made,Adobe
test_0742.jpg,test,742,outdoor,day,sun_sky,nature,AdobeMIT
test_0743.jpg,test,743,outdoor,day,sun_sky,nature,AdobeMIT
test_0746.jpg,test,746,outdoor,day,sun_sky,nature,AdobeMIT
test_0747.jpg,test,747,outdoor,day,sun_sky,man_made,AdobeMIT
test_0748.jpg,test,748,outdoor,day,sun_sky,nature,Adobe
test_0752.jpg,test,752,outdoor,day,sun_sky,nature,Adobe
test_0753.jpg,test,753,outdoor,day,sun_sky,nature,Adobe
test_0756.jpg,test,756,outdoor,day,sun_sky,man_made,AdobeMIT
test_0758.jpg,test,758,outdoor,day,sun_sky,nature,Adobe
test_0759.jpg,test,759,outdoor,day,sun_sky,man_made,Adobe
test_0763.jpg,test,763,outdoor,day,sun_sky,nature,Adobe
test_0764.jpg,test,764,outdoor,day,sun_sky,nature,AdobeMIT
test_0767.jpg,test,767,outdoor,day,sun_sky,man_made,Adobe
test_0768.jpg,test,768,outdoor,day,sun_sky,nature,AdobeMIT
test_0769.jpg,test,769,outdoor,day,sun_sky,nature,AdobeMIT
test_0771.jpg,test,771,outdoor,day,sun_sky,nature,AdobeMIT
test_0773.jpg,test,773,outdoor,day,sun_sky,nature,AdobeMIT
test_0774.jpg,test,774,outdoor,day,sun_sky,man_made,AdobeMIT
test_0775.jpg,test,775,outdoor,day,sun_sky,nature,Adobe
test_0777.jpg,test,777,outdoor,day,sun_sky,nature,Adobe
test_0778.jpg,test,778,outdoor,day,sun_sky,man_made,Adobe
test_0780.jpg,test,780,outdoor,unknown,sun_sky,man_made,Adobe
test_0781.jpg,test,781,outdoor,day,sun_sky,man_made,AdobeMIT
test_0784.jpg,test,784,outdoor,day,sun_sky,nature,AdobeMIT
test_0785.jpg,test,785,outdoor,day,sun_sky,nature,Adobe
test_0787.jpg,test,787,outdoor,day,sun_sky,nature,AdobeMIT
test_0790.jpg,test,790,outdoor,night,mixed,man_made,Adobe
test_0792.jpg,test,792,outdoor,unknown,mixed,man_made,AdobeMIT
test_0800.jpg,test,800,outdoor,day,sun_sky,man_made,AdobeMIT
test_0801.jpg,test,801,outdoor,day,sun_sky,nature,AdobeMIT
test_0802.jpg,test,802,outdoor,day,sun_sky,man_made,Adobe
test_0803.jpg,test,803,outdoor,unknown,sun_sky,nature,Adobe
test_0805.jpg,test,805,outdoor,day,sun_sky,man_made,Adobe
test_0807.jpg,test,807,outdoor,day,sun_sky,man_made,AdobeMIT
test_0808.jpg,test,808,outdoor,unknown,sun_sky,nature,AdobeMIT
test_0809.jpg,test,809,outdoor,day,sun_sky,man_made,AdobeMIT
test_0811.jpg,test,811,outdoor,day,sun_sky,nature,Adobe
test_0812.jpg,test,812,outdoor,day,sun_sky,nature,AdobeMIT
test_0813.jpg,test,813,outdoor,dusk,mixed,man_made,AdobeMIT
test_0816.jpg,test,816,outdoor,dusk,sun_sky,man_made,AdobeMIT
test_0817.jpg,test,817,outdoor,day,sun_sky,nature,AdobeMIT
test_0820.jpg,test,820,outdoor,day,sun_sky,man_made,AdobeMIT
test_0821.jpg,test,821,outdoor,dusk,mixed,man_made,AdobeMIT
test_0829.jpg,test,829,outdoor,day,sun_sky,man_made,Adobe
test_0832.jpg,test,832,outdoor,day,sun_sky,nature,Adobe
test_0833.jpg,test,833,outdoor,day,sun_sky,man_made,Adobe
test_0835.jpg,test,835,outdoor,day,sun_sky,man_made,Adobe
test_0842.jpg,test,842,outdoor,unknown,sun_sky,nature,Adobe
test_0843.jpg,test,843,outdoor,day,sun_sky,nature,AdobeMIT
test_0844.jpg,test,844,outdoor,day,sun_sky,man_made,AdobeMIT
test_0846.jpg,test,846,outdoor,day,sun_sky,man_made,Adobe
test_0847.jpg,test,847,outdoor,day,sun_sky,nature,Adobe
test_0850.jpg,test,850,outdoor,dusk,sun_sky,man_made,AdobeMIT
test_0852.jpg,test,852,outdoor,day,sun_sky,man_made,AdobeMIT
test_0854.jpg,test,854,outdoor,day,sun_sky,man_made,AdobeMIT
test_0855.jpg,test,855,outdoor,day,sun_sky,man_made,Adobe
test_0858.jpg,test,858,outdoor,day,sun_sky,man_made,Adobe
test_0864.jpg,test,864,outdoor,day,sun_sky,man_made,AdobeMIT
test_0865.jpg,test,865,outdoor,day,sun_sky,man_made,AdobeMIT
test_0867.jpg,test,867,outdoor,day,sun_sky,man_made,AdobeMIT
test_0871.jpg,test,871,outdoor,day,sun_sky,nature,Adobe
test_0873.jpg,test,873,outdoor,day,sun_sky,nature,AdobeMIT
test_0874.jpg,test,874,outdoor,unknown,sun_sky,man_made,AdobeMIT
test_0875.jpg,test,875,outdoor,day,sun_sky,man_made,AdobeMIT
test_0878.jpg,test,878,outdoor,night,mixed,man_made,AdobeMIT
test_0879.jpg,test,879,outdoor,day,sun_sky,nature,AdobeMIT
test_0880.jpg,test,880,outdoor,day,sun_sky,nature,AdobeMIT
test_0881.jpg,test,881,outdoor,day,sun_sky,nature,Adobe
test_0884.jpg,test,884,outdoor,day,sun_sky,man_made,Adobe
test_0888.jpg,test,888,outdoor,day,sun_sky,nature,AdobeMIT
test_0892.jpg,test,892,outdoor,day,sun_sky,man_made,Adobe
test_0893.jpg,test,893,outdoor,day,sun_sky,nature,AdobeMIT
test_0897.jpg,test,897,outdoor,unknown,sun_sky,nature,AdobeMIT
test_0898.jpg,test,898,outdoor,day,sun_sky,man_made,Adobe
test_0899.jpg,test,899,outdoor,day,sun_sky,man_made,AdobeMIT
test_0901.jpg,test,901,outdoor,day,sun_sky,man_made,Adobe
test_0902.jpg,test,902,outdoor,dusk,sun_sky,nature,AdobeMIT
test_0907.jpg,test,907,outdoor,day,sun_sky,man_made,Adobe
test_0908.jpg,test,908,outdoor,day,sun_sky,nature,AdobeMIT
test_0909.jpg,test,909,outdoor,day,sun_sky,man_made,Adobe
test_0911.jpg,test,911,outdoor,day,sun_sky,man_made,Adobe
test_0912.jpg,test,912,outdoor,day,sun_sky,man_made,AdobeMIT
test_0914.jpg,test,914,outdoor,day,sun_sky,man_made,Adobe
test_0915.jpg,test,915,outdoor,unknown,sun_sky,man_made,Adobe
test_0916.jpg,test,916,outdoor,day,sun_sky,man_made,Adobe
test_0920.jpg,test,920,outdoor,dusk,sun_sky,nature,Adobe
test_0922.jpg,test,922,outdoor,day,sun_sky,nature,Adobe
test_0923.jpg,test,923,outdoor,night,artificial,man_made,Adobe
test_0926.jpg,test,926,outdoor,day,sun_sky,nature,Adobe
test_0928.jpg,test,928,outdoor,day,sun_sky,man_made,AdobeMIT
test_0930.jpg,test,930,outdoor,day,sun_sky,nature,Adobe
test_0932.jpg,test,932,outdoor,day,sun_sky,man_made,Adobe
test_0934.jpg,test,934,outdoor,day,sun_sky,man_made,Adobe
test_0935.jpg,test,935,outdoor,day,sun_sky,man_made,AdobeMIT
test_0937.jpg,test,937,outdoor,day,sun_sky,man_made,Adobe
test_0938.jpg,test,938,outdoor,day,sun_sky,man_made,AdobeMIT
test_0939.jpg,test,939,outdoor,day,sun_sky,nature,AdobeMIT
test_0944.jpg,test,944,outdoor,day,sun_sky,man_made,Adobe
test_0945.jpg,test,945,outdoor,day,sun_sky,nature,Adobe
test_0950.jpg,test,950,outdoor,day,sun_sky,man_made,AdobeMIT
test_0951.jpg,test,951,outdoor,day,sun_sky,man_made,Adobe
test_0955.jpg,test,955,outdoor,day,sun_sky,nature,AdobeMIT
test_0960.jpg,test,960,outdoor,day,sun_sky,nature,AdobeMIT
test_0961.jpg,test,961,outdoor,day,sun_sky,man_made,AdobeMIT
test_0963.jpg,test,963,outdoor,day,sun_sky,man_made,AdobeMIT
test_0964.jpg,test,964,outdoor,day,sun_sky,man_made,AdobeMIT
test_0965.jpg,test,965,outdoor,night,artificial,man_made,AdobeMIT
test_0970.jpg,test,970,outdoor,day,sun_sky,nature,Adobe
test_0975.jpg,test,975,outdoor,day,sun_sky,man_made,Adobe
test_0977.jpg,test,977,outdoor,dusk,sun_sky,man_made,Adobe
test_0978.jpg,test,978,outdoor,day,sun_sky,man_made,Adobe
test_0979.jpg,test,979,outdoor,day,sun_sky,nature,Adobe
test_0980.jpg,test,980,outdoor,day,sun_sky,nature,Adobe
test_0982.jpg,test,982,outdoor,day,sun_sky,nature,AdobeMIT
test_0983.jpg,test,983,outdoor,unknown,sun_sky,man_made,Adobe
test_0984.jpg,test,984,outdoor,day,sun_sky,man_made,Adobe
test_0987.jpg,test,987,outdoor,unknown,sun_sky,nature,AdobeMIT
test_0989.jpg,test,989,outdoor,day,sun_sky,nature,Adobe
test_0994.jpg,test,994,outdoor,day,sun_sky,man_made,Adobe
test_0995.jpg,test,995,outdoor,day,sun_sky,man_made,Adobe
test_0997.jpg,test,997,outdoor,day,sun_sky,man_made,AdobeMIT
test_0998.jpg,test,998,outdoor,day,mixed,man_made,AdobeMIT
test_0999.jpg,test,999,outdoor,day,sun_sky,man_made,AdobeMIT
train_0000.jpg,train,0,outdoor,day,sun_sky,nature,Adobe
train_0006.jpg,train,6,outdoor,day,sun_sky,nature,Adobe
train_0008.jpg,train,8,outdoor,day,sun_sky,man_made,Adobe
train_0012.jpg,train,12,outdoor,dusk,sun_sky,nature,AdobeMIT
train_0013.jpg,train,13,outdoor,day,sun_sky,nature,AdobeMIT
train_0014.jpg,train,14,outdoor,day,sun_sky,man_made,AdobeMIT
train_0016.jpg,train,16,outdoor,day,sun_sky,nature,Adobe
train_0017.jpg,train,17,outdoor,day,sun_sky,man_made,Adobe
train_0019.jpg,train,19,outdoor,day,sun_sky,man_made,Adobe
train_0021.jpg,train,21,outdoor,day,sun_sky,man_made,AdobeMIT
train_0023.jpg,train,23,outdoor,day,sun_sky,man_made,AdobeMIT
train_0024.jpg,train,24,outdoor,day,sun_sky,nature,AdobeMIT
train_0026.jpg,train,26,outdoor,day,sun_sky,man_made,AdobeMIT
train_0030.jpg,train,30,outdoor,day,sun_sky,man_made,Adobe
train_0032.jpg,train,32,outdoor,day,sun_sky,man_made,AdobeMIT
train_0034.jpg,train,34,outdoor,day,sun_sky,man_made,Adobe
train_0036.jpg,train,36,outdoor,day,sun_sky,man_made,Adobe
train_0038.jpg,train,38,outdoor,day,sun_sky,nature,Adobe
train_0039.jpg,train,39,outdoor,day,sun_sky,nature,Adobe
train_0043.jpg,train,43,outdoor,day,sun_sky,man_made,AdobeMIT
train_0046.jpg,train,46,outdoor,day,sun_sky,man_made,Adobe
train_0047.jpg,train,47,outdoor,day,sun_sky,nature,Adobe
train_0049.jpg,train,49,outdoor,day,sun_sky,nature,AdobeMIT
train_0053.jpg,train,53,outdoor,day,sun_sky,nature,AdobeMIT
train_0058.jpg,train,58,outdoor,day,sun_sky,man_made,Adobe
train_0059.jpg,train,59,outdoor,day,sun_sky,man_made,Adobe
train_0061.jpg,train,61,outdoor,day,sun_sky,nature,Adobe
train_0064.jpg,train,64,outdoor,day,sun_sky,nature,AdobeMIT
train_0065.jpg,train,65,outdoor,day,sun_sky,man_made,Adobe
train_0073.jpg,train,73,outdoor,day,sun_sky,man_made,AdobeMIT
train_0074.jpg,train,74,outdoor,day,sun_sky,man_made,Adobe
train_0075.jpg,train,75,outdoor,day,sun_sky,nature,AdobeMIT
train_0077.jpg,train,77,outdoor,day,sun_sky,nature,AdobeMIT
train_0078.jpg,train,78,outdoor,day,sun_sky,man_made,Adobe
train_0080.jpg,train,80,outdoor,day,sun_sky,man_made,AdobeMIT
train_0084.jpg,train,84,outdoor,dusk,sun_sky,man_made,AdobeMIT
train_0086.jpg,train,86,outdoor,day,sun_sky,nature,Adobe
train_0088.jpg,train,88,outdoor,day,sun_sky,nature,AdobeMIT
train_0089.jpg,train,89,outdoor,day,sun_sky,man_made,Adobe
train_0090.jpg,train,90,outdoor,night,artificial,man_made,Adobe
train_0092.jpg,train,92,outdoor,day,sun_sky,man_made,Adobe
train_0094.jpg,train,94,outdoor,day,sun_sky,nature,Adobe
train_0096.jpg,train,96,outdoor,day,sun_sky,nature,Adobe
train_0097.jpg,train,97,outdoor,day,sun_sky,nature,Adobe
train_0100.jpg,train,100,outdoor,day,sun_sky,nature,Adobe
train_0101.jpg,train,101,outdoor,dusk,sun_sky,nature,Adobe
train_0102.jpg,train,102,outdoor,day,sun_sky,man_made,Adobe
train_0103.jpg,train,103,outdoor,day,sun_sky,man_made,AdobeMIT
train_0105.jpg,train,105,outdoor,dusk,sun_sky,nature,Adobe
train_0106.jpg,train,106,outdoor,day,sun_sky,nature,AdobeMIT
train_0107.jpg,train,107,outdoor,day,sun_sky,man_made,AdobeMIT
train_0108.jpg,train,108,outdoor,night,artificial,man_made,Adobe
train_0109.jpg,train,109,outdoor,day,sun_sky,man_made,AdobeMIT
train_0111.jpg,train,111,outdoor,day,sun_sky,nature,AdobeMIT
train_0112.jpg,train,112,outdoor,dusk,sun_sky,man_made,Adobe
train_0114.jpg,train,114,outdoor,day,sun_sky,nature,AdobeMIT
train_0115.jpg,train,115,outdoor,day,sun_sky,man_made,AdobeMIT
train_0119.jpg,train,119,outdoor,day,sun_sky,man_made,Adobe
train_0124.jpg,train,124,outdoor,day,sun_sky,man_made,Adobe
train_0126.jpg,train,126,outdoor,day,sun_sky,man_made,Adobe
train_0127.jpg,train,127,outdoor,day,sun_sky,nature,Adobe
train_0130.jpg,train,130,outdoor,day,sun_sky,man_made,AdobeMIT
train_0131.jpg,train,131,outdoor,day,sun_sky,man_made,Adobe
train_0132.jpg,train,132,outdoor,day,sun_sky,man_made,Adobe
train_0136.jpg,train,136,outdoor,day,sun_sky,nature,AdobeMIT
train_0139.jpg,train,139,outdoor,day,sun_sky,nature,AdobeMIT
train_0140.jpg,train,140,outdoor,day,sun_sky,man_made,Adobe
train_0143.jpg,train,143,outdoor,day,sun_sky,man_made,Adobe
train_0144.jpg,train,144,outdoor,day,sun_sky,nature,Adobe
train_0145.jpg,train,145,outdoor,day,sun_sky,nature,Adobe
train_0146.jpg,train,146,outdoor,dusk,sun_sky,nature,AdobeMIT
train_0148.jpg,train,148,outdoor,day,sun_sky,man_made,Adobe
train_0149.jpg,train,149,outdoor,night,artificial,man_made,Adobe
train_0154.jpg,train,154,outdoor,day,sun_sky,nature,AdobeMIT
train_0155.jpg,train,155,outdoor,day,mixed,man_made,Adobe
train_0157.jpg,train,157,outdoor,day,sun_sky,nature,Adobe
train_0159.jpg,train,159,outdoor,unknown,sun_sky,nature,Adobe
train_0161.jpg,train,161,outdoor,day,sun_sky,man_made,AdobeMIT
train_0162.jpg,train,162,outdoor,day,sun_sky,man_made,Adobe
train_0164.jpg,train,164,outdoor,day,sun_sky,man_made,Adobe
train_0166.jpg,train,166,outdoor,day,sun_sky,man_made,AdobeMIT
train_0167.jpg,train,167,outdoor,day,sun_sky,man_made,Adobe
train_0168.jpg,train,168,outdoor,day,sun_sky,nature,Adobe
train_0169.jpg,train,169,outdoor,day,sun_sky,nature,Adobe
train_0172.jpg,train,172,outdoor,day,sun_sky,man_made,Adobe
train_0173.jpg,train,173,outdoor,day,sun_sky,nature,Adobe
train_0178.jpg,train,178,outdoor,day,sun_sky,man_made,Adobe
train_0179.jpg,train,179,outdoor,day,sun_sky,nature,AdobeMIT
train_0180.jpg,train,180,outdoor,unknown,mixed,man_made,Adobe
train_0183.jpg,train,183,outdoor,day,sun_sky,man_made,AdobeMIT
train_0185.jpg,train,185,outdoor,day,sun_sky,man_made,AdobeMIT
train_0187.jpg,train,187,outdoor,unknown,sun_sky,nature,AdobeMIT
train_0188.jpg,train,188,outdoor,day,sun_sky,man_made,Adobe
train_0190.jpg,train,190,outdoor,day,sun_sky,man_made,Adobe
train_0193.jpg,train,193,outdoor,day,sun_sky,nature,AdobeMIT
train_0194.jpg,train,194,outdoor,dusk,sun_sky,man_made,Adobe
train_0198.jpg,train,198,outdoor,day,sun_sky,nature,AdobeMIT
train_0199.jpg,train,199,outdoor,day,sun_sky,man_made,Adobe
train_0201.jpg,train,201,outdoor,day,sun_sky,man_made,Adobe
train_0202.jpg,train,202,outdoor,day,sun_sky,man_made,Adobe
train_0206.jpg,train,206,outdoor,day,sun_sky,man_made,Adobe
train_0207.jpg,train,207,outdoor,dusk,sun_sky,nature,AdobeMIT
train_0208.jpg,train,208,outdoor,day,sun_sky,nature,Adobe
train_0209.jpg,train,209,outdoor,day,sun_sky,man_made,Adobe
train_0215.jpg,train,215,outdoor,day,sun_sky,nature,Adobe
train_0217.jpg,train,217,outdoor,unknown,sun_sky,man_made,AdobeMIT
train_0218.jpg,train,218,outdoor,day,sun_sky,man_made,AdobeMIT
train_0219.jpg,train,219,outdoor,night,artificial,nature,Adobe
train_0221.jpg,train,221,outdoor,dusk,sun_sky,man_made,Adobe
train_0222.jpg,train,222,outdoor,day,sun_sky,nature,AdobeMIT
train_0224.jpg,train,224,outdoor,day,sun_sky,man_made,AdobeMIT
train_0228.jpg,train,228,outdoor,day,sun_sky,man_made,AdobeMIT
train_0231.jpg,train,231,outdoor,day,sun_sky,nature,Adobe
train_0232.jpg,train,232,outdoor,day,sun_sky,man_made,Adobe
train_0234.jpg,train,234,outdoor,day,sun_sky,man_made,Adobe
train_0239.jpg,train,239,outdoor,day,sun_sky,nature,AdobeMIT
train_0240.jpg,train,240,outdoor,dusk,sun_sky,nature,Adobe
train_0246.jpg,train,246,outdoor,day,sun_sky,man_made,Adobe
train_0247.jpg,train,247,outdoor,day,sun_sky,man_made,Adobe
train_0250.jpg,train,250,outdoor,day,sun_sky,man_made,Adobe
train_0253.jpg,train,253,outdoor,night,artificial,man_made,Adobe
train_0255.jpg,train,255,outdoor,day,sun_sky,man_made,Adobe
train_0257.jpg,train,257,outdoor,day,sun_sky,nature,Adobe
train_0258.jpg,train,258,outdoor,dusk,sun_sky,man_made,Adobe
train_0259.jpg,train,259,outdoor,day,sun_sky,man_made,AdobeMIT
train_0261.jpg,train,261,outdoor,day,sun_sky,nature,AdobeMIT
train_0262.jpg,train,262,outdoor,day,sun_sky,man_made,Adobe
train_0263.jpg,train,263,outdoor,day,sun_sky,nature,AdobeMIT
train_0265.jpg,train,265,outdoor,day,sun_sky,man_made,AdobeMIT
train_0266.jpg,train,266,outdoor,day,sun_sky,nature,AdobeMIT
train_0270.jpg,train,270,outdoor,day,sun_sky,man_made,Adobe
train_0273.jpg,train,273,outdoor,day,sun_sky,nature,AdobeMIT
train_0274.jpg,train,274,outdoor,day,sun_sky,nature,AdobeMIT
train_0280.jpg,train,280,outdoor,dusk,sun_sky,man_made,AdobeMIT
train_0284.jpg,train,284,outdoor,day,sun_sky,man_made,Adobe
train_0285.jpg,train,285,outdoor,day,sun_sky,man_made,Adobe
train_0286.jpg,train,286,outdoor,day,sun_sky,man_made,Adobe
train_0287.jpg,train,287,outdoor,day,sun_sky,man_made,AdobeMIT
train_0289.jpg,train,289,outdoor,day,sun_sky,man_made,Adobe
train_0292.jpg,train,292,outdoor,day,sun_sky,man_made,Adobe
train_0293.jpg,train,293,outdoor,day,sun_sky,nature,Adobe
train_0294.jpg,train,294,outdoor,day,sun_sky,man_made,Adobe
train_0295.jpg,train,295,outdoor,dusk,sun_sky,man_made,AdobeMIT
train_0296.jpg,train,296,outdoor,dusk,sun_sky,man_made,Adobe
train_0297.jpg,train,297,outdoor,day,sun_sky,nature,Adobe
train_0298.jpg,train,298,outdoor,day,sun_sky,nature,AdobeMIT
train_0299.jpg,train,299,outdoor,unknown,sun_sky,nature,Adobe
train_0302.jpg,train,302,outdoor,day,sun_sky,man_made,AdobeMIT
train_0303.jpg,train,303,outdoor,day,sun_sky,man_made,AdobeMIT
train_0304.jpg,train,304,outdoor,day,sun_sky,nature,AdobeMIT
train_0305.jpg,train,305,outdoor,dusk,sun_sky,man_made,Adobe
train_0307.jpg,train,307,outdoor,night,sun_sky,man_made,AdobeMIT
train_0311.jpg,train,311,outdoor,day,sun_sky,man_made,AdobeMIT
train_0315.jpg,train,315,outdoor,day,sun_sky,nature,AdobeMIT
train_0316.jpg,train,316,outdoor,day,sun_sky,nature,Adobe
train_0319.jpg,train,319,outdoor,day,sun_sky,man_made,Adobe
train_0322.jpg,train,322,outdoor,day,sun_sky,nature,Adobe
train_0324.jpg,train,324,outdoor,day,sun_sky,man_made,Adobe
train_0325.jpg,train,325,outdoor,dusk,sun_sky,man_made,AdobeMIT
train_0327.jpg,train,327,outdoor,dusk,sun_sky,nature,AdobeMIT
train_0328.jpg,train,328,outdoor,day,sun_sky,man_made,AdobeMIT
train_0330.jpg,train,330,outdoor,day,sun_sky,nature,AdobeMIT
train_0334.jpg,train,334,outdoor,day,sun_sky,nature,Adobe
train_0336.jpg,train,336,outdoor,day,sun_sky,man_made,Adobe
train_0338.jpg,train,338,outdoor,day,sun_sky,man_made,Adobe
train_0339.jpg,train,339,outdoor,day,sun_sky,nature,Adobe
train_0341.jpg,train,341,outdoor,day,sun_sky,nature,Adobe
train_0344.jpg,train,344,outdoor,day,sun_sky,man_made,Adobe
train_0349.jpg,train,349,outdoor,dusk,sun_sky,man_made,Adobe
train_0351.jpg,train,351,outdoor,day,sun_sky,man_made,Adobe
train_0352.jpg,train,352,outdoor,day,sun_sky,man_made,AdobeMIT
train_0353.jpg,train,353,outdoor,day,sun_sky,nature,Adobe
train_0360.jpg,train,360,outdoor,day,sun_sky,man_made,Adobe
train_0361.jpg,train,361,outdoor,day,sun_sky,man_made,AdobeMIT
train_0368.jpg,train,368,outdoor,day,sun_sky,nature,Adobe
train_0369.jpg,train,369,outdoor,day,sun_sky,nature,AdobeMIT
train_0370.jpg,train,370,outdoor,day,sun_sky,man_made,AdobeMIT
train_0371.jpg,train,371,outdoor,day,sun_sky,man_made,Adobe
train_0372.jpg,train,372,outdoor,day,sun_sky,man_made,AdobeMIT
train_0373.jpg,train,373,outdoor,day,sun_sky,nature,AdobeMIT
train_0374.jpg,train,374,outdoor,day,sun_sky,man_made,Adobe
train_0375.jpg,train,375,outdoor,day,sun_sky,man_made,Adobe
train_0376.jpg,train,376,outdoor,day,sun_sky,nature,AdobeMIT
train_0377.jpg,train,377,outdoor,day,sun_sky,nature,Adobe
train_0378.jpg,train,378,outdoor,day,sun_sky,nature,AdobeMIT
train_0380.jpg,train,380,outdoor,day,sun_sky,man_made,Adobe
train_0381.jpg,train,381,outdoor,day,sun_sky,man_made,Adobe
train_0382.jpg,train,382,outdoor,day,sun_sky,man_made,AdobeMIT
train_0383.jpg,train,383,outdoor,day,sun_sky,nature,AdobeMIT
train_0384.jpg,train,384,outdoor,day,sun_sky,man_made,AdobeMIT
train_0385.jpg,train,385,outdoor,unknown,sun_sky,nature,Adobe
train_0386.jpg,train,386,outdoor,day,sun_sky,nature,AdobeMIT
train_0387.jpg,train,387,outdoor,day,sun_sky,man_made,Adobe
train_0390.jpg,train,390,outdoor,night,mixed,man_made,Adobe
train_0391.jpg,train,391,outdoor,day,sun_sky,man_made,Adobe
train_0393.jpg,train,393,outdoor,dusk,sun_sky,nature,Adobe
train_0396.jpg,train,396,outdoor,day,sun_sky,man_made,Adobe
train_0400.jpg,train,400,outdoor,unknown,sun_sky,man_made,AdobeMIT
train_0403.jpg,train,403,outdoor,day,sun_sky,man_made,AdobeMIT
train_0407.jpg,train,407,outdoor,dusk,sun_sky,man_made,AdobeMIT
train_0409.jpg,train,409,outdoor,dusk,sun_sky,nature,AdobeMIT
train_0411.jpg,train,411,outdoor,day,sun_sky,nature,Adobe
train_0412.jpg,train,412,outdoor,day,sun_sky,man_made,AdobeMIT
train_0413.jpg,train,413,outdoor,day,sun_sky,man_made,AdobeMIT
train_0414.jpg,train,414,outdoor,day,sun_sky,man_made,Adobe
train_0415.jpg,train,415,outdoor,day,sun_sky,nature,AdobeMIT
train_0417.jpg,train,417,outdoor,day,sun_sky,man_made,Adobe
train_0418.jpg,train,418,outdoor,day,sun_sky,nature,Adobe
train_0422.jpg,train,422,outdoor,day,sun_sky,man_made,AdobeMIT
train_0423.jpg,train,423,outdoor,day,sun_sky,man_made,Adobe
train_0425.jpg,train,425,outdoor,day,sun_sky,nature,Adobe
train_0427.jpg,train,427,outdoor,day,sun_sky,nature,Adobe
train_0428.jpg,train,428,outdoor,day,sun_sky,nature,Adobe
train_0429.jpg,train,429,outdoor,day,sun_sky,nature,Adobe
train_0431.jpg,train,431,outdoor,day,sun_sky,nature,Adobe
train_0433.jpg,train,433,outdoor,day,sun_sky,man_made,AdobeMIT
train_0434.jpg,train,434,outdoor,day,sun_sky,nature,AdobeMIT
train_0435.jpg,train,435,outdoor,day,sun_sky,nature,Adobe
train_0438.jpg,train,438,outdoor,day,sun_sky,man_made,Adobe
train_0439.jpg,train,439,outdoor,day,sun_sky,man_made,AdobeMIT
train_0444.jpg,train,444,outdoor,day,sun_sky,man_made,Adobe
train_0445.jpg,train,445,outdoor,day,sun_sky,man_made,Adobe
train_0446.jpg,train,446,outdoor,day,sun_sky,man_made,Adobe
train_0448.jpg,train,448,outdoor,dusk,sun_sky,nature,AdobeMIT
train_0450.jpg,train,450,outdoor,day,sun_sky,nature,Adobe
train_0452.jpg,train,452,outdoor,day,sun_sky,nature,Adobe
train_0457.jpg,train,457,outdoor,day,sun_sky,man_made,AdobeMIT
train_0458.jpg,train,458,outdoor,dusk,sun_sky,nature,Adobe
train_0463.jpg,train,463,outdoor,day,sun_sky,nature,AdobeMIT
train_0465.jpg,train,465,outdoor,day,sun_sky,nature,Adobe
train_0466.jpg,train,466,outdoor,day,sun_sky,man_made,Adobe
train_0467.jpg,train,467,outdoor,night,mixed,man_made,Adobe
train_0474.jpg,train,474,outdoor,day,sun_sky,nature,AdobeMIT
train_0475.jpg,train,475,outdoor,day,sun_sky,nature,AdobeMIT
train_0476.jpg,train,476,outdoor,day,sun_sky,nature,Adobe
train_0480.jpg,train,480,outdoor,day,sun_sky,nature,Adobe
train_0481.jpg,train,481,outdoor,dusk,sun_sky,nature,Adobe
train_0483.jpg,train,483,outdoor,day,sun_sky,man_made,Adobe
train_0486.jpg,train,486,outdoor,unknown,sun_sky,nature,AdobeMIT
train_0488.jpg,train,488,outdoor,day,sun_sky,man_made,AdobeMIT
train_0489.jpg,train,489,outdoor,day,sun_sky,nature,AdobeMIT
train_0490.jpg,train,490,outdoor,day,sun_sky,nature,AdobeMIT
train_0493.jpg,train,493,outdoor,day,sun_sky,man_made,Adobe
train_0496.jpg,train,496,outdoor,day,sun_sky,man_made,Adobe
train_0497.jpg,train,497,outdoor,day,sun_sky,man_made,Adobe
train_0498.jpg,train,498,outdoor,day,sun_sky,man_made,AdobeMIT
train_0503.jpg,train,503,outdoor,night,mixed,man_made,Adobe
train_0506.jpg,train,506,outdoor,day,sun_sky,man_made,Adobe
train_0507.jpg,train,507,outdoor,day,sun_sky,man_made,Adobe
train_0511.jpg,train,511,outdoor,day,sun_sky,man_made,Adobe
train_0512.jpg,train,512,outdoor,day,sun_sky,man_made,Adobe
train_0513.jpg,train,513,outdoor,day,sun_sky,man_made,Adobe
train_0514.jpg,train,514,outdoor,day,sun_sky,nature,AdobeMIT
train_0515.jpg,train,515,outdoor,day,sun_sky,man_made,AdobeMIT
train_0516.jpg,train,516,outdoor,day,sun_sky,nature,AdobeMIT
train_0517.jpg,train,517,outdoor,day,sun_sky,man_made,Adobe
train_0519.jpg,train,519,outdoor,day,sun_sky,man_made,Adobe
train_0521.jpg,train,521,outdoor,day,sun_sky,man_made,AdobeMIT
train_0523.jpg,train,523,outdoor,day,sun_sky,nature,AdobeMIT
train_0526.jpg,train,526,outdoor,day,sun_sky,nature,Adobe
train_0528.jpg,train,528,outdoor,day,sun_sky,man_made,Adobe
train_0529.jpg,train,529,outdoor,day,sun_sky,nature,AdobeMIT
train_0530.jpg,train,530,outdoor,dusk,sun_sky,nature,AdobeMIT
train_0535.jpg,train,535,outdoor,day,sun_sky,nature,Adobe
train_0536.jpg,train,536,outdoor,night,artificial,man_made,AdobeMIT
train_0538.jpg,train,538,outdoor,day,sun_sky,man_made,AdobeMIT
train_0539.jpg,train,539,outdoor,day,sun_sky,man_made,Adobe
train_0543.jpg,train,543,outdoor,day,sun_sky,man_made,Adobe
train_0544.jpg,train,544,outdoor,day,sun_sky,man_made,Adobe
train_0545.jpg,train,545,outdoor,day,sun_sky,man_made,AdobeMIT
train_0547.jpg,train,547,outdoor,day,sun_sky,nature,AdobeMIT
train_0553.jpg,train,553,outdoor,day,sun_sky,nature,Adobe
train_0554.jpg,train,554,outdoor,day,sun_sky,man_made,AdobeMIT
train_0559.jpg,train,559,outdoor,dusk,sun_sky,nature,Adobe
train_0560.jpg,train,560,outdoor,night,artificial,nature,AdobeMIT
train_0561.jpg,train,561,outdoor,day,sun_sky,nature,Adobe
train_0562.jpg,train,562,outdoor,day,sun_sky,nature,AdobeMIT
train_0565.jpg,train,565,outdoor,dusk,sun_sky,man_made,AdobeMIT
train_0567.jpg,train,567,outdoor,day,sun_sky,nature,AdobeMIT
train_0568.jpg,train,568,outdoor,day,sun_sky,nature,AdobeMIT
train_0570.jpg,train,570,outdoor,day,sun_sky,man_made,AdobeMIT
train_0571.jpg,train,571,outdoor,day,sun_sky,man_made,AdobeMIT
train_0573.jpg,train,573,outdoor,day,sun_sky,man_made,AdobeMIT
train_0574.jpg,train,574,outdoor,day,sun_sky,man_made,AdobeMIT
train_0575.jpg,train,575,outdoor,day,sun_sky,man_made,Adobe
train_0576.jpg,train,576,outdoor,day,sun_sky,man_made,Adobe
train_0580.jpg,train,580,outdoor,day,sun_sky,nature,AdobeMIT
train_0582.jpg,train,582,outdoor,day,sun_sky,nature,Adobe
train_0587.jpg,train,587,outdoor,day,sun_sky,man_made,Adobe
train_0588.jpg,train,588,outdoor,day,sun_sky,nature,Adobe
train_0589.jpg,train,589,outdoor,day,sun_sky,nature,AdobeMIT
train_0590.jpg,train,590,outdoor,dusk,sun_sky,man_made,Adobe
train_0591.jpg,train,591,outdoor,day,sun_sky,man_made,AdobeMIT
train_0592.jpg,train,592,outdoor,day,sun_sky,man_made,Adobe
train_0593.jpg,train,593,outdoor,day,sun_sky,man_made,AdobeMIT
train_0594.jpg,train,594,outdoor,day,sun_sky,man_made,AdobeMIT
train_0598.jpg,train,598,outdoor,day,sun_sky,nature,Adobe
train_0602.jpg,train,602,outdoor,day,sun_sky,nature,AdobeMIT
train_0603.jpg,train,603,outdoor,day,sun_sky,man_made,Adobe
train_0606.jpg,train,606,outdoor,day,sun_sky,man_made,Adobe
train_0607.jpg,train,607,outdoor,day,sun_sky,man_made,Adobe
train_0608.jpg,train,608,outdoor,day,sun_sky,man_made,Adobe
train_0609.jpg,train,609,outdoor,day,sun_sky,man_made,AdobeMIT
train_0610.jpg,train,610,outdoor,day,sun_sky,nature,Adobe
train_0611.jpg,train,611,outdoor,unknown,sun_sky,nature,AdobeMIT
train_0613.jpg,train,613,outdoor,day,sun_sky,nature,Adobe
train_0616.jpg,train,616,outdoor,day,sun_sky,nature,Adobe
train_0618.jpg,train,618,outdoor,day,sun_sky,man_made,Adobe
train_0619.jpg,train,619,outdoor,day,sun_sky,nature,Adobe
train_0620.jpg,train,620,outdoor,day,sun_sky,nature,Adobe
train_0621.jpg,train,621,outdoor,day,sun_sky,man_made,AdobeMIT
train_0622.jpg,train,622,outdoor,day,sun_sky,man_made,AdobeMIT
train_0626.jpg,train,626,outdoor,day,sun_sky,man_made,AdobeMIT
train_0627.jpg,train,627,outdoor,day,sun_sky,man_made,AdobeMIT
train_0631.jpg,train,631,outdoor,day,sun_sky,nature,Adobe
train_0633.jpg,train,633,outdoor,day,sun_sky,man_made,AdobeMIT
train_0634.jpg,train,634,outdoor,unknown,sun_sky,man_made,Adobe
train_0635.jpg,train,635,outdoor,day,sun_sky,man_made,Adobe
train_0637.jpg,train,637,outdoor,day,sun_sky,nature,AdobeMIT
train_0639.jpg,train,639,outdoor,day,sun_sky,man_made,Adobe
train_0641.jpg,train,641,outdoor,day,sun_sky,man_made,Adobe
train_0643.jpg,train,643,outdoor,day,sun_sky,man_made,AdobeMIT
train_0645.jpg,train,645,outdoor,day,sun_sky,nature,AdobeMIT
train_0647.jpg,train,647,outdoor,day,sun_sky,nature,AdobeMIT
train_0651.jpg,train,651,outdoor,day,sun_sky,man_made,AdobeMIT
train_0654.jpg,train,654,outdoor,day,sun_sky,man_made,AdobeMIT
train_0655.jpg,train,655,outdoor,day,sun_sky,man_made,Adobe
train_0656.jpg,train,656,outdoor,day,sun_sky,man_made,Adobe
train_0662.jpg,train,662,outdoor,day,sun_sky,man_made,AdobeMIT
train_0663.jpg,train,663,outdoor,day,sun_sky,nature,Adobe
train_0664.jpg,train,664,outdoor,day,sun_sky,man_made,AdobeMIT
train_0665.jpg,train,665,outdoor,day,sun_sky,man_made,Adobe
train_0667.jpg,train,667,outdoor,day,sun_sky,man_made,AdobeMIT
train_0670.jpg,train,670,outdoor,day,sun_sky,man_made,Adobe
train_0673.jpg,train,673,outdoor,day,sun_sky,nature,Adobe
train_0674.jpg,train,674,outdoor,dusk,sun_sky,nature,Adobe
train_0676.jpg,train,676,outdoor,dusk,sun_sky,nature,AdobeMIT
train_0678.jpg,train,678,outdoor,day,sun_sky,man_made,Adobe
train_0680.jpg,train,680,outdoor,day,sun_sky,nature,AdobeMIT
train_0681.jpg,train,681,outdoor,day,sun_sky,man_made,Adobe
train_0682.jpg,train,682,outdoor,day,sun_sky,man_made,Adobe
train_0683.jpg,train,683,outdoor,day,sun_sky,nature,Adobe
train_0684.jpg,train,684,outdoor,day,sun_sky,man_made,Adobe
train_0686.jpg,train,686,outdoor,day,sun_sky,nature,AdobeMIT
train_0689.jpg,train,689,outdoor,day,sun_sky,nature,Adobe
train_0690.jpg,train,690,outdoor,dusk,sun_sky,nature,AdobeMIT
train_0691.jpg,train,691,outdoor,day,sun_sky,man_made,Adobe
train_0698.jpg,train,698,outdoor,day,sun_sky,nature,Adobe
train_0701.jpg,train,701,outdoor,day,sun_sky,man_made,Adobe
train_0703.jpg,train,703,outdoor,day,sun_sky,man_made,Adobe
train_0704.jpg,train,704,outdoor,day,sun_sky,man_made,Adobe
train_0708.jpg,train,708,outdoor,day,sun_sky,man_made,Adobe
train_0710.jpg,train,710,outdoor,day,sun_sky,man_made,AdobeMIT
train_0713.jpg,train,713,outdoor,day,sun_sky,nature,AdobeMIT
train_0714.jpg,train,714,outdoor,day,sun_sky,nature,Adobe
train_0717.jpg,train,717,outdoor,day,sun_sky,man_made,AdobeMIT
train_0720.jpg,train,720,outdoor,day,sun_sky,man_made,Adobe
train_0725.jpg,train,725,outdoor,night,artificial,man_made,Adobe
train_0726.jpg,train,726,outdoor,dusk,mixed,man_made,AdobeMIT
train_0728.jpg,train,728,outdoor,day,sun_sky,nature,Adobe
train_0729.jpg,train,729,outdoor,day,sun_sky,nature,AdobeMIT
train_0730.jpg,train,730,outdoor,day,mixed,nature,Adobe
train_0731.jpg,train,731,outdoor,day,sun_sky,man_made,Adobe
train_0732.jpg,train,732,outdoor,unknown,sun_sky,nature,Adobe
train_0733.jpg,train,733,outdoor,day,sun_sky,nature,Adobe
train_0734.jpg,train,734,outdoor,day,sun_sky,nature,AdobeMIT
train_0735.jpg,train,735,outdoor,day,sun_sky,nature,AdobeMIT
train_0736.jpg,train,736,outdoor,day,sun_sky,nature,Adobe
train_0738.jpg,train,738,outdoor,day,sun_sky,nature,AdobeMIT
train_0741.jpg,train,741,outdoor,day,sun_sky,man_made,Adobe
train_0747.jpg,train,747,outdoor,day,sun_sky,nature,Adobe
train_0749.jpg,train,749,outdoor,day,artificial,man_made,Adobe
train_0752.jpg,train,752,outdoor,day,sun_sky,man_made,Adobe
train_0753.jpg,train,753,outdoor,day,sun_sky,man_made,AdobeMIT
train_0754.jpg,train,754,outdoor,day,sun_sky,man_made,Adobe
train_0755.jpg,train,755,outdoor,day,sun_sky,man_made,Adobe
train_0756.jpg,train,756,outdoor,day,sun_sky,nature,Adobe
train_0757.jpg,train,757,outdoor,day,sun_sky,nature,Adobe
train_0766.jpg,train,766,outdoor,day,sun_sky,man_made,AdobeMIT
train_0767.jpg,train,767,outdoor,day,sun_sky,man_made,Adobe
train_0769.jpg,train,769,outdoor,day,sun_sky,man_made,Adobe
train_0773.jpg,train,773,outdoor,day,sun_sky,nature,AdobeMIT
train_0776.jpg,train,776,outdoor,night,mixed,nature,AdobeMIT
train_0778.jpg,train,778,outdoor,day,sun_sky,man_made,AdobeMIT
train_0783.jpg,train,783,outdoor,day,sun_sky,man_made,Adobe
train_0785.jpg,train,785,outdoor,day,sun_sky,man_made,Adobe
train_0788.jpg,train,788,outdoor,day,sun_sky,man_made,Adobe
train_0789.jpg,train,789,outdoor,night,artificial,man_made,Adobe
train_0792.jpg,train,792,outdoor,day,sun_sky,man_made,AdobeMIT
train_0794.jpg,train,794,outdoor,day,sun_sky,man_made,Adobe
train_0795.jpg,train,795,outdoor,day,sun_sky,nature,AdobeMIT
train_0796.jpg,train,796,outdoor,dusk,mixed,man_made,AdobeMIT
train_0797.jpg,train,797,outdoor,day,sun_sky,man_made,Adobe
train_0798.jpg,train,798,outdoor,day,sun_sky,man_made,AdobeMIT
train_0800.jpg,train,800,outdoor,day,sun_sky,nature,AdobeMIT
train_0801.jpg,train,801,outdoor,day,sun_sky,nature,Adobe
train_0803.jpg,train,803,outdoor,day,sun_sky,man_made,Adobe
train_0804.jpg,train,804,outdoor,day,sun_sky,nature,Adobe
train_0805.jpg,train,805,outdoor,day,sun_sky,nature,AdobeMIT
train_0810.jpg,train,810,outdoor,dusk,mixed,man_made,Adobe
train_0811.jpg,train,811,outdoor,day,sun_sky,man_made,Adobe
train_0816.jpg,train,816,outdoor,day,sun_sky,man_made,AdobeMIT
train_0817.jpg,train,817,outdoor,day,sun_sky,man_made,AdobeMIT
train_0819.jpg,train,819,outdoor,day,sun_sky,man_made,AdobeMIT
train_0821.jpg,train,821,outdoor,day,sun_sky,nature,Adobe
train_0822.jpg,train,822,outdoor,day,sun_sky,nature,AdobeMIT
train_0826.jpg,train,826,outdoor,unknown,sun_sky,man_made,Adobe
train_0831.jpg,train,831,outdoor,day,sun_sky,man_made,AdobeMIT
train_0834.jpg,train,834,outdoor,day,sun_sky,man_made,AdobeMIT
train_0836.jpg,train,836,outdoor,dusk,sun_sky,man_made,AdobeMIT
train_0837.jpg,train,837,outdoor,dusk,sun_sky,nature,Adobe
train_0838.jpg,train,838,outdoor,day,sun_sky,nature,AdobeMIT
train_0840.jpg,train,840,outdoor,day,sun_sky,nature,AdobeMIT
train_0843.jpg,train,843,outdoor,day,sun_sky,nature,Adobe
train_0844.jpg,train,844,outdoor,day,sun_sky,nature,Adobe
train_0846.jpg,train,846,outdoor,day,sun_sky,nature,Adobe
train_0849.jpg,train,849,outdoor,day,sun_sky,man_made,Adobe
train_0850.jpg,train,850,outdoor,day,sun_sky,nature,Adobe
train_0853.jpg,train,853,outdoor,day,sun_sky,nature,Adobe
train_0855.jpg,train,855,outdoor,day,sun_sky,nature,AdobeMIT
train_0856.jpg,train,856,outdoor,day,sun_sky,man_made,Adobe
train_0857.jpg,train,857,outdoor,day,sun_sky,nature,AdobeMIT
train_0858.jpg,train,858,outdoor,day,sun_sky,nature,Adobe
train_0859.jpg,train,859,outdoor,day,sun_sky,nature,Adobe
train_0860.jpg,train,860,outdoor,day,sun_sky,nature,Adobe
train_0862.jpg,train,862,outdoor,dusk,sun_sky,nature,AdobeMIT
train_0864.jpg,train,864,outdoor,day,sun_sky,man_made,Adobe
train_0869.jpg,train,869,outdoor,day,sun_sky,nature,AdobeMIT
train_0870.jpg,train,870,outdoor,day,sun_sky,man_made,Adobe
train_0871.jpg,train,871,outdoor,day,sun_sky,nature,AdobeMIT
train_0872.jpg,train,872,outdoor,night,artificial,man_made,Adobe
train_0873.jpg,train,873,outdoor,day,sun_sky,man_made,Adobe
train_0874.jpg,train,874,outdoor,day,sun_sky,man_made,Adobe
train_0875.jpg,train,875,outdoor,day,sun_sky,nature,AdobeMIT
train_0876.jpg,train,876,outdoor,dusk,sun_sky,nature,AdobeMIT
train_0880.jpg,train,880,outdoor,day,sun_sky,nature,Adobe
train_0883.jpg,train,883,outdoor,day,sun_sky,man_made,Adobe
train_0885.jpg,train,885,outdoor,day,sun_sky,nature,Adobe
train_0888.jpg,train,888,outdoor,dusk,sun_sky,man_made,Adobe
train_0890.jpg,train,890,outdoor,day,sun_sky,nature,AdobeMIT
train_0896.jpg,train,896,outdoor,day,sun_sky,nature,AdobeMIT
train_0897.jpg,train,897,outdoor,day,sun_sky,nature,Adobe
train_0898.jpg,train,898,outdoor,day,sun_sky,man_made,AdobeMIT
train_0901.jpg,train,901,outdoor,day,sun_sky,man_made,AdobeMIT
train_0902.jpg,train,902,outdoor,day,sun_sky,nature,AdobeMIT
train_0908.jpg,train,908,outdoor,day,sun_sky,man_made,Adobe
train_0909.jpg,train,909,outdoor,day,sun_sky,nature,AdobeMIT
train_0912.jpg,train,912,outdoor,unknown,mixed,nature,Adobe
train_0915.jpg,train,915,outdoor,day,sun_sky,man_made,Adobe
train_0916.jpg,train,916,outdoor,day,sun_sky,man_made,Adobe
train_0918.jpg,train,918,outdoor,day,sun_sky,nature,AdobeMIT
train_0919.jpg,train,919,outdoor,day,sun_sky,man_made,AdobeMIT
train_0925.jpg,train,925,outdoor,day,sun_sky,man_made,AdobeMIT
train_0926.jpg,train,926,outdoor,day,sun_sky,man_made,AdobeMIT
train_0927.jpg,train,927,outdoor,day,sun_sky,man_made,Adobe
train_0929.jpg,train,929,outdoor,day,sun_sky,nature,Adobe
train_0932.jpg,train,932,outdoor,day,sun_sky,nature,AdobeMIT
train_0936.jpg,train,936,outdoor,day,sun_sky,man_made,Adobe
train_0938.jpg,train,938,outdoor,day,sun_sky,nature,AdobeMIT
train_0943.jpg,train,943,outdoor,day,sun_sky,man_made,AdobeMIT
train_0944.jpg,train,944,outdoor,day,sun_sky,nature,Adobe
train_0945.jpg,train,945,outdoor,day,sun_sky,nature,Adobe
train_0946.jpg,train,946,outdoor,day,sun_sky,man_made,Adobe
train_0949.jpg,train,949,outdoor,unknown,sun_sky,nature,Adobe
train_0950.jpg,train,950,outdoor,day,sun_sky,man_made,Adobe
train_0951.jpg,train,951,outdoor,day,sun_sky,nature,AdobeMIT
train_0952.jpg,train,952,outdoor,day,sun_sky,nature,AdobeMIT
train_0954.jpg,train,954,outdoor,day,sun_sky,man_made,AdobeMIT
train_0963.jpg,train,963,outdoor,day,sun_sky,nature,AdobeMIT
train_0964.jpg,train,964,outdoor,day,sun_sky,nature,Adobe
train_0966.jpg,train,966,outdoor,unknown,sun_sky,man_made,AdobeMIT
train_0967.jpg,train,967,outdoor,day,sun_sky,nature,Adobe
train_0969.jpg,train,969,outdoor,day,sun_sky,man_made,AdobeMIT
train_0970.jpg,train,970,outdoor,day,sun_sky,man_made,Adobe
train_0973.jpg,train,973,outdoor,day,sun_sky,man_made,Adobe
train_0976.jpg,train,976,outdoor,day,sun_sky,nature,Adobe
train_0978.jpg,train,978,outdoor,day,sun_sky,man_made,Adobe
train_0979.jpg,train,979,outdoor,day,sun_sky,man_made,AdobeMIT
train_0982.jpg,train,982,outdoor,day,sun_sky,nature,AdobeMIT
train_0986.jpg,train,986,outdoor,day,sun_sky,man_made,AdobeMIT
train_0990.jpg,train,990,outdoor,day,sun_sky,nature,AdobeMIT
train_0991.jpg,train,991,outdoor,day,sun_sky,man_made,AdobeMIT
train_0993.jpg,train,993,outdoor,day,sun_sky,man_made,AdobeMIT
train_0994.jpg,train,994,outdoor,day,sun_sky,man_made,Adobe
train_0996.jpg,train,996,outdoor,day,sun_sky,man_made,Adobe
train_0997.jpg,train,997,outdoor,day,sun_sky,man_made,AdobeMIT
train_1000.jpg,train,1000,outdoor,day,sun_sky,man_made,Adobe
train_1001.jpg,train,1001,outdoor,day,sun_sky,man_made,Adobe
train_1006.jpg,train,1006,outdoor,day,sun_sky,man_made,Adobe
train_1007.jpg,train,1007,outdoor,day,sun_sky,man_made,Adobe
train_1014.jpg,train,1014,outdoor,day,sun_sky,nature,AdobeMIT
train_1016.jpg,train,1016,outdoor,day,sun_sky,nature,AdobeMIT
train_1017.jpg,train,1017,outdoor,day,sun_sky,man_made,Adobe
train_1018.jpg,train,1018,outdoor,dusk,sun_sky,nature,AdobeMIT
train_1020.jpg,train,1020,outdoor,day,sun_sky,man_made,Adobe
train_1022.jpg,train,1022,outdoor,day,sun_sky,man_made,Adobe
train_1025.jpg,train,1025,outdoor,day,sun_sky,man_made,AdobeMIT
train_1026.jpg,train,1026,outdoor,day,sun_sky,man_made,Adobe
train_1027.jpg,train,1027,outdoor,day,sun_sky,man_made,AdobeMIT
train_1028.jpg,train,1028,outdoor,day,sun_sky,man_made,Adobe
train_1030.jpg,train,1030,outdoor,day,sun_sky,man_made,Adobe
train_1034.jpg,train,1034,outdoor,day,sun_sky,nature,Adobe
train_1035.jpg,train,1035,outdoor,unknown,sun_sky,nature,AdobeMIT
train_1036.jpg,train,1036,outdoor,unknown,sun_sky,nature,AdobeMIT
train_1039.jpg,train,1039,outdoor,day,sun_sky,man_made,AdobeMIT
train_1040.jpg,train,1040,outdoor,day,sun_sky,nature,AdobeMIT
train_1045.jpg,train,1045,outdoor,day,sun_sky,man_made,AdobeMIT
train_1049.jpg,train,1049,outdoor,day,sun_sky,man_made,AdobeMIT
train_1050.jpg,train,1050,outdoor,day,sun_sky,nature,Adobe
train_1052.jpg,train,1052,outdoor,day,sun_sky,man_made,Adobe
train_1054.jpg,train,1054,outdoor,day,sun_sky,nature,Adobe
train_1056.jpg,train,1056,outdoor,day,sun_sky,nature,Adobe
train_1057.jpg,train,1057,outdoor,day,sun_sky,nature,Adobe
train_1061.jpg,train,1061,outdoor,day,sun_sky,nature,Adobe
train_1063.jpg,train,1063,outdoor,day,sun_sky,nature,Adobe
train_1064.jpg,train,1064,outdoor,day,sun_sky,man_made,AdobeMIT
train_1065.jpg,train,1065,outdoor,night,artificial,man_made,Adobe
train_1066.jpg,train,1066,outdoor,day,sun_sky,nature,AdobeMIT
train_1068.jpg,train,1068,outdoor,day,sun_sky,man_made,AdobeMIT
train_1069.jpg,train,1069,outdoor,day,sun_sky,nature,Adobe
train_1070.jpg,train,1070,outdoor,day,sun_sky,man_made,AdobeMIT
train_1072.jpg,train,1072,outdoor,day,sun_sky,man_made,Adobe
train_1073.jpg,train,1073,outdoor,day,sun_sky,man_made,Adobe
train_1074.jpg,train,1074,outdoor,dusk,sun_sky,man_made,AdobeMIT
train_1076.jpg,train,1076,outdoor,night,sun_sky,man_made,Adobe
train_1079.jpg,train,1079,outdoor,day,sun_sky,man_made,Adobe
train_1083.jpg,train,1083,outdoor,day,sun_sky,nature,AdobeMIT
train_1090.jpg,train,1090,outdoor,day,sun_sky,nature,AdobeMIT
train_1091.jpg,train,1091,outdoor,day,sun_sky,man_made,Adobe
train_1092.jpg,train,1092,outdoor,day,sun_sky,nature,Adobe
train_1093.jpg,train,1093,outdoor,day,sun_sky,man_made,Adobe
train_1097.jpg,train,1097,outdoor,day,sun_sky,man_made,AdobeMIT
train_1100.jpg,train,1100,outdoor,day,sun_sky,man_made,AdobeMIT
train_1105.jpg,train,1105,outdoor,dusk,sun_sky,nature,AdobeMIT
train_1107.jpg,train,1107,outdoor,day,sun_sky,man_made,Adobe
train_1108.jpg,train,1108,outdoor,day,sun_sky,nature,AdobeMIT
train_1109.jpg,train,1109,outdoor,dusk,sun_sky,man_made,Adobe
train_1110.jpg,train,1110,outdoor,day,sun_sky,man_made,Adobe
train_1111.jpg,train,1111,outdoor,day,sun_sky,nature,AdobeMIT
train_1114.jpg,train,1114,outdoor,unknown,sun_sky,man_made,Adobe
train_1115.jpg,train,1115,outdoor,day,sun_sky,nature,Adobe
train_1116.jpg,train,1116,outdoor,day,sun_sky,nature,AdobeMIT
train_1118.jpg,train,1118,outdoor,day,sun_sky,man_made,AdobeMIT
train_1122.jpg,train,1122,outdoor,unknown,sun_sky,man_made,AdobeMIT
train_1124.jpg,train,1124,outdoor,day,sun_sky,man_made,Adobe
train_1125.jpg,train,1125,outdoor,day,sun_sky,man_made,AdobeMIT
train_1126.jpg,train,1126,outdoor,day,sun_sky,nature,AdobeMIT
train_1127.jpg,train,1127,outdoor,day,sun_sky,nature,Adobe
train_1130.jpg,train,1130,outdoor,day,sun_sky,man_made,Adobe
train_1135.jpg,train,1135,outdoor,night,sun_sky,man_made,AdobeMIT
train_1138.jpg,train,1138,outdoor,day,sun_sky,man_made,Adobe
train_1139.jpg,train,1139,outdoor,day,sun_sky,nature,Adobe
train_1140.jpg,train,1140,outdoor,day,sun_sky,man_made,Adobe
train_1141.jpg,train,1141,outdoor,day,sun_sky,man_made,Adobe
train_1143.jpg,train,1143,outdoor,day,sun_sky,man_made,Adobe
train_1145.jpg,train,1145,outdoor,day,sun_sky,man_made,Adobe
train_1147.jpg,train,1147,outdoor,day,sun_sky,nature,AdobeMIT
train_1148.jpg,train,1148,outdoor,day,sun_sky,nature,Adobe
train_1149.jpg,train,1149,outdoor,day,sun_sky,nature,AdobeMIT
train_1152.jpg,train,1152,outdoor,day,sun_sky,man_made,AdobeMIT
train_1153.jpg,train,1153,outdoor,day,sun_sky,man_made,AdobeMIT
train_1157.jpg,train,1157,outdoor,day,sun_sky,nature,AdobeMIT
train_1158.jpg,train,1158,outdoor,unknown,mixed,man_made,Adobe
train_1159.jpg,train,1159,outdoor,day,sun_sky,man_made,AdobeMIT
train_1160.jpg,train,1160,outdoor,day,sun_sky,man_made,Adobe
train_1161.jpg,train,1161,outdoor,night,artificial,man_made,AdobeMIT
train_1174.jpg,train,1174,outdoor,dusk,sun_sky,nature,Adobe
train_1175.jpg,train,1175,outdoor,dusk,sun_sky,man_made,Adobe
train_1179.jpg,train,1179,outdoor,day,sun_sky,nature,Adobe
train_1180.jpg,train,1180,outdoor,day,sun_sky,nature,AdobeMIT
train_1181.jpg,train,1181,outdoor,dusk,sun_sky,nature,AdobeMIT
train_1186.jpg,train,1186,outdoor,day,sun_sky,man_made,Adobe
train_1188.jpg,train,1188,outdoor,day,sun_sky,man_made,Adobe
train_1189.jpg,train,1189,outdoor,day,sun_sky,man_made,Adobe
train_1192.jpg,train,1192,outdoor,day,sun_sky,man_made,Adobe
train_1194.jpg,train,1194,outdoor,dusk,sun_sky,man_made,AdobeMIT
train_1195.jpg,train,1195,outdoor,day,sun_sky,man_made,Adobe
train_1196.jpg,train,1196,outdoor,day,sun_sky,man_made,Adobe
train_1198.jpg,train,1198,outdoor,day,sun_sky,man_made,Adobe
train_1200.jpg,train,1200,outdoor,day,sun_sky,man_made,Adobe
train_1201.jpg,train,1201,outdoor,day,sun_sky,man_made,AdobeMIT
train_1202.jpg,train,1202,outdoor,day,sun_sky,nature,Adobe
train_1206.jpg,train,1206,outdoor,day,sun_sky,man_made,Adobe
train_1207.jpg,train,1207,outdoor,day,sun_sky,nature,Adobe
train_1208.jpg,train,1208,outdoor,day,sun_sky,nature,Adobe
train_1213.jpg,train,1213,outdoor,day,sun_sky,man_made,Adobe
train_1214.jpg,train,1214,outdoor,dusk,sun_sky,nature,Adobe
train_1216.jpg,train,1216,outdoor,day,sun_sky,nature,Adobe
train_1220.jpg,train,1220,outdoor,night,artificial,man_made,AdobeMIT
train_1221.jpg,train,1221,outdoor,day,sun_sky,man_made,Adobe
train_1222.jpg,train,1222,outdoor,day,sun_sky,man_made,AdobeMIT
train_1226.jpg,train,1226,outdoor,dusk,sun_sky,nature,AdobeMIT
train_1227.jpg,train,1227,outdoor,day,sun_sky,nature,Adobe
train_1229.jpg,train,1229,outdoor,day,sun_sky,nature,Adobe
train_1232.jpg,train,1232,outdoor,day,sun_sky,nature,Adobe
train_1233.jpg,train,1233,outdoor,day,sun_sky,man_made,Adobe
train_1236.jpg,train,1236,outdoor,dusk,sun_sky,nature,Adobe
train_1237.jpg,train,1237,outdoor,day,sun_sky,nature,AdobeMIT
train_1239.jpg,train,1239,outdoor,day,sun_sky,man_made,Adobe
train_1240.jpg,train,1240,outdoor,day,sun_sky,man_made,AdobeMIT
train_1241.jpg,train,1241,outdoor,dusk,sun_sky,man_made,AdobeMIT
train_1244.jpg,train,1244,outdoor,day,sun_sky,man_made,AdobeMIT
train_1245.jpg,train,1245,outdoor,day,sun_sky,nature,AdobeMIT
train_1247.jpg,train,1247,outdoor,day,sun_sky,nature,AdobeMIT
train_1248.jpg,train,1248,outdoor,day,sun_sky,man_made,Adobe
train_1249.jpg,train,1249,outdoor,unknown,sun_sky,nature,AdobeMIT
train_1250.jpg,train,1250,outdoor,day,sun_sky,man_made,Adobe
train_1253.jpg,train,1253,outdoor,day,sun_sky,nature,AdobeMIT
train_1255.jpg,train,1255,outdoor,day,sun_sky,man_made,Adobe
train_1257.jpg,train,1257,outdoor,day,sun_sky,nature,Adobe
train_1258.jpg,train,1258,outdoor,day,sun_sky,man_made,AdobeMIT
train_1260.jpg,train,1260,outdoor,dusk,sun_sky,man_made,AdobeMIT
train_1266.jpg,train,1266,outdoor,day,sun_sky,man_made,AdobeMIT
train_1268.jpg,train,1268,outdoor,day,sun_sky,nature,Adobe
train_1279.jpg,train,1279,outdoor,day,sun_sky,nature,AdobeMIT
train_1280.jpg,train,1280,outdoor,day,sun_sky,nature,AdobeMIT
train_1281.jpg,train,1281,outdoor,day,sun_sky,man_made,Adobe
train_1283.jpg,train,1283,outdoor,day,sun_sky,man_made,AdobeMIT
train_1284.jpg,train,1284,outdoor,day,sun_sky,nature,AdobeMIT
train_1285.jpg,train,1285,outdoor,day,sun_sky,man_made,Adobe
train_1286.jpg,train,1286,outdoor,day,sun_sky,man_made,Adobe
train_1290.jpg,train,1290,outdoor,day,sun_sky,man_made,AdobeMIT
train_1293.jpg,train,1293,outdoor,day,sun_sky,nature,AdobeMIT
train_1294.jpg,train,1294,outdoor,day,sun_sky,nature,AdobeMIT
train_1296.jpg,train,1296,outdoor,day,sun_sky,man_made,AdobeMIT
train_1297.jpg,train,1297,outdoor,night,artificial,man_made,AdobeMIT
train_1298.jpg,train,1298,outdoor,day,sun_sky,man_made,Adobe
train_1302.jpg,train,1302,outdoor,day,sun_sky,man_made,Adobe
train_1306.jpg,train,1306,outdoor,day,sun_sky,nature,Adobe
train_1307.jpg,train,1307,outdoor,day,sun_sky,man_made,Adobe
train_1308.jpg,train,1308,outdoor,day,sun_sky,man_made,Adobe
train_1309.jpg,train,1309,outdoor,day,sun_sky,nature,AdobeMIT
train_1311.jpg,train,1311,outdoor,day,sun_sky,nature,Adobe
train_1313.jpg,train,1313,outdoor,day,sun_sky,nature,Adobe
train_1316.jpg,train,1316,outdoor,day,sun_sky,man_made,AdobeMIT
train_1317.jpg,train,1317,outdoor,day,sun_sky,man_made,Adobe
train_1318.jpg,train,1318,outdoor,day,sun_sky,nature,AdobeMIT
train_1323.jpg,train,1323,outdoor,day,sun_sky,nature,AdobeMIT
train_1324.jpg,train,1324,outdoor,day,sun_sky,nature,AdobeMIT
train_1325.jpg,train,1325,outdoor,day,sun_sky,man_made,AdobeMIT
train_1326.jpg,train,1326,outdoor,day,sun_sky,man_made,Adobe
train_1327.jpg,train,1327,outdoor,dusk,sun_sky,nature,AdobeMIT
train_1329.jpg,train,1329,outdoor,dusk,sun_sky,nature,AdobeMIT
train_1331.jpg,train,1331,outdoor,day,sun_sky,nature,AdobeMIT
train_1337.jpg,train,1337,outdoor,dusk,sun_sky,nature,AdobeMIT
train_1338.jpg,train,1338,outdoor,day,sun_sky,man_made,AdobeMIT
train_1339.jpg,train,1339,outdoor,day,sun_sky,man_made,AdobeMIT
train_1340.jpg,train,1340,outdoor,day,sun_sky,nature,AdobeMIT
train_1342.jpg,train,1342,outdoor,day,sun_sky,man_made,Adobe
train_1343.jpg,train,1343,outdoor,night,sun_sky,man_made,AdobeMIT
train_1345.jpg,train,1345,outdoor,night,artificial,man_made,AdobeMIT
train_1346.jpg,train,1346,outdoor,day,sun_sky,man_made,Adobe
train_1351.jpg,train,1351,outdoor,day,sun_sky,nature,AdobeMIT
train_1353.jpg,train,1353,outdoor,day,sun_sky,man_made,AdobeMIT
train_1354.jpg,train,1354,outdoor,dusk,sun_sky,man_made,AdobeMIT
train_1355.jpg,train,1355,outdoor,day,sun_sky,man_made,AdobeMIT
train_1360.jpg,train,1360,outdoor,day,sun_sky,man_made,Adobe
train_1361.jpg,train,1361,outdoor,day,sun_sky,nature,AdobeMIT
train_1362.jpg,train,1362,outdoor,day,sun_sky,man_made,Adobe
train_1363.jpg,train,1363,outdoor,day,sun_sky,man_made,Adobe
train_1364.jpg,train,1364,outdoor,day,sun_sky,nature,Adobe
train_1365.jpg,train,1365,outdoor,day,sun_sky,nature,Adobe
train_1366.jpg,train,1366,outdoor,day,sun_sky,nature,AdobeMIT
train_1367.jpg,train,1367,outdoor,day,sun_sky,man_made,Adobe
train_1368.jpg,train,1368,outdoor,day,sun_sky,nature,AdobeMIT
train_1369.jpg,train,1369,outdoor,day,sun_sky,man_made,AdobeMIT
train_1370.jpg,train,1370,outdoor,day,sun_sky,nature,AdobeMIT
train_1374.jpg,train,1374,outdoor,dusk,sun_sky,man_made,AdobeMIT
train_1378.jpg,train,1378,outdoor,unknown,sun_sky,nature,AdobeMIT
train_1379.jpg,train,1379,outdoor,day,sun_sky,man_made,AdobeMIT
train_1381.jpg,train,1381,outdoor,day,sun_sky,nature,AdobeMIT
train_1382.jpg,train,1382,outdoor,day,sun_sky,nature,AdobeMIT
train_1383.jpg,train,1383,outdoor,unknown,sun_sky,man_made,Adobe
train_1386.jpg,train,1386,outdoor,day,sun_sky,nature,AdobeMIT
train_1389.jpg,train,1389,outdoor,day,sun_sky,nature,AdobeMIT
train_1390.jpg,train,1390,outdoor,day,sun_sky,man_made,AdobeMIT
train_1395.jpg,train,1395,outdoor,day,sun_sky,man_made,Adobe
train_1396.jpg,train,1396,outdoor,unknown,sun_sky,nature,Adobe
train_1399.jpg,train,1399,outdoor,day,sun_sky,man_made,Adobe
train_1401.jpg,train,1401,outdoor,day,sun_sky,man_made,Adobe
train_1402.jpg,train,1402,outdoor,day,sun_sky,nature,Adobe
train_1403.jpg,train,1403,outdoor,day,sun_sky,nature,AdobeMIT
train_1404.jpg,train,1404,outdoor,day,sun_sky,nature,Adobe
train_1405.jpg,train,1405,outdoor,day,sun_sky,man_made,Adobe
train_1406.jpg,train,1406,outdoor,day,sun_sky,man_made,Adobe
train_1408.jpg,train,1408,outdoor,day,sun_sky,man_made,Adobe
train_1409.jpg,train,1409,outdoor,day,sun_sky,nature,AdobeMIT
train_1410.jpg,train,1410,outdoor,day,sun_sky,nature,AdobeMIT
train_1418.jpg,train,1418,outdoor,day,sun_sky,man_made,Adobe
train_1419.jpg,train,1419,outdoor,day,sun_sky,man_made,Adobe
train_1420.jpg,train,1420,outdoor,day,sun_sky,man_made,AdobeMIT
train_1422.jpg,train,1422,outdoor,dusk,mixed,man_made,Adobe
train_1430.jpg,train,1430,outdoor,day,sun_sky,nature,AdobeMIT
train_1431.jpg,train,1431,outdoor,day,sun_sky,nature,AdobeMIT
train_1432.jpg,train,1432,outdoor,day,sun_sky,man_made,AdobeMIT
train_1436.jpg,train,1436,outdoor,day,sun_sky,man_made,AdobeMIT
train_1437.jpg,train,1437,outdoor,dusk,sun_sky,man_made,AdobeMIT
train_1438.jpg,train,1438,outdoor,dusk,mixed,man_made,AdobeMIT
train_1440.jpg,train,1440,outdoor,day,sun_sky,nature,AdobeMIT
train_1441.jpg,train,1441,outdoor,day,sun_sky,man_made,AdobeMIT
train_1442.jpg,train,1442,outdoor,day,sun_sky,man_made,Adobe
train_1445.jpg,train,1445,outdoor,unknown,sun_sky,man_made,Adobe
train_1446.jpg,train,1446,outdoor,day,sun_sky,man_made,AdobeMIT
train_1447.jpg,train,1447,outdoor,day,sun_sky,nature,Adobe
train_1449.jpg,train,1449,outdoor,day,sun_sky,man_made,AdobeMIT
train_1450.jpg,train,1450,outdoor,day,sun_sky,nature,Adobe
train_1454.jpg,train,1454,outdoor,day,sun_sky,man_made,AdobeMIT
train_1455.jpg,train,1455,outdoor,day,sun_sky,man_made,Adobe
train_1463.jpg,train,1463,outdoor,day,sun_sky,nature,AdobeMIT
train_1467.jpg,train,1467,outdoor,day,sun_sky,nature,AdobeMIT
train_1468.jpg,train,1468,outdoor,day,sun_sky,man_made,Adobe
train_1471.jpg,train,1471,outdoor,day,sun_sky,nature,Adobe
train_1473.jpg,train,1473,outdoor,day,sun_sky,man_made,Adobe
train_1474.jpg,train,1474,outdoor,day,sun_sky,nature,AdobeMIT
train_1476.jpg,train,1476,outdoor,day,sun_sky,man_made,Adobe
train_1482.jpg,train,1482,outdoor,day,sun_sky,nature,Adobe
train_1483.jpg,train,1483,outdoor,day,sun_sky,nature,AdobeMIT
train_1484.jpg,train,1484,outdoor,unknown,sun_sky,nature,AdobeMIT
train_1485.jpg,train,1485,outdoor,day,sun_sky,man_made,Adobe
train_1486.jpg,train,1486,outdoor,day,sun_sky,nature,AdobeMIT
train_1487.jpg,train,1487,outdoor,day,sun_sky,nature,Adobe
train_1488.jpg,train,1488,outdoor,day,sun_sky,man_made,AdobeMIT
train_1492.jpg,train,1492,outdoor,unknown,sun_sky,nature,Adobe
train_1493.jpg,train,1493,outdoor,day,sun_sky,man_made,Adobe
train_1494.jpg,train,1494,outdoor,day,sun_sky,man_made,AdobeMIT
train_1495.jpg,train,1495,outdoor,day,sun_sky,man_made,AdobeMIT
train_1498.jpg,train,1498,outdoor,day,sun_sky,nature,AdobeMIT
train_1501.jpg,train,1501,outdoor,day,sun_sky,nature,Adobe
train_1504.jpg,train,1504,outdoor,day,sun_sky,nature,AdobeMIT
train_1505.jpg,train,1505,outdoor,day,sun_sky,nature,AdobeMIT
train_1506.jpg,train,1506,outdoor,day,sun_sky,man_made,Adobe
train_1508.jpg,train,1508,outdoor,day,sun_sky,man_made,Adobe
train_1510.jpg,train,1510,outdoor,day,sun_sky,nature,AdobeMIT
train_1511.jpg,train,1511,outdoor,day,sun_sky,nature,Adobe
train_1514.jpg,train,1514,outdoor,day,sun_sky,man_made,Adobe
train_1515.jpg,train,1515,outdoor,day,sun_sky,nature,Adobe
train_1517.jpg,train,1517,outdoor,day,sun_sky,nature,AdobeMIT
train_1519.jpg,train,1519,outdoor,day,sun_sky,man_made,Adobe
train_1523.jpg,train,1523,outdoor,day,sun_sky,man_made,Adobe
train_1526.jpg,train,1526,outdoor,day,sun_sky,man_made,Adobe
train_1528.jpg,train,1528,outdoor,day,sun_sky,nature,AdobeMIT
train_1534.jpg,train,1534,outdoor,day,sun_sky,man_made,Adobe
train_1539.jpg,train,1539,outdoor,day,sun_sky,man_made,Adobe
train_1540.jpg,train,1540,outdoor,day,sun_sky,man_made,Adobe
train_1542.jpg,train,1542,outdoor,day,sun_sky,nature,AdobeMIT
train_1543.jpg,train,1543,outdoor,dusk,sun_sky,man_made,Adobe
train_1546.jpg,train,1546,outdoor,day,sun_sky,nature,Adobe
train_1548.jpg,train,1548,outdoor,day,sun_sky,man_made,AdobeMIT
train_1550.jpg,train,1550,outdoor,day,sun_sky,man_made,Adobe
train_1551.jpg,train,1551,outdoor,day,sun_sky,man_made,Adobe
train_1552.jpg,train,1552,outdoor,dusk,sun_sky,man_made,Adobe
train_1554.jpg,train,1554,outdoor,day,sun_sky,nature,AdobeMIT
train_1555.jpg,train,1555,outdoor,day,sun_sky,man_made,Adobe
train_1559.jpg,train,1559,outdoor,day,sun_sky,man_made,AdobeMIT
train_1562.jpg,train,1562,outdoor,day,sun_sky,man_made,Adobe
train_1563.jpg,train,1563,outdoor,day,sun_sky,man_made,Adobe
train_1565.jpg,train,1565,outdoor,dusk,sun_sky,man_made,AdobeMIT
train_1567.jpg,train,1567,outdoor,day,sun_sky,man_made,AdobeMIT
train_1568.jpg,train,1568,outdoor,day,sun_sky,nature,AdobeMIT
train_1569.jpg,train,1569,outdoor,day,sun_sky,man_made,Adobe
train_1570.jpg,train,1570,outdoor,night,artificial,man_made,Adobe
train_1571.jpg,train,1571,outdoor,day,sun_sky,nature,AdobeMIT
train_1572.jpg,train,1572,outdoor,day,sun_sky,man_made,Adobe
train_1574.jpg,train,1574,outdoor,day,sun_sky,nature,AdobeMIT
train_1575.jpg,train,1575,outdoor,dusk,sun_sky,nature,AdobeMIT
train_1576.jpg,train,1576,outdoor,day,sun_sky,man_made,AdobeMIT
train_1577.jpg,train,1577,outdoor,day,sun_sky,nature,AdobeMIT
train_1578.jpg,train,1578,outdoor,day,sun_sky,nature,Adobe
train_1579.jpg,train,1579,outdoor,day,sun_sky,man_made,AdobeMIT
train_1580.jpg,train,1580,outdoor,day,sun_sky,man_made,Adobe
train_1582.jpg,train,1582,outdoor,dusk,sun_sky,man_made,Adobe
train_1586.jpg,train,1586,outdoor,day,sun_sky,man_made,Adobe
train_1587.jpg,train,1587,outdoor,unknown,sun_sky,man_made,AdobeMIT
train_1592.jpg,train,1592,outdoor,day,sun_sky,nature,Adobe
train_1595.jpg,train,1595,outdoor,day,sun_sky,man_made,Adobe
train_1599.jpg,train,1599,outdoor,day,sun_sky,man_made,Adobe
train_1601.jpg,train,1601,outdoor,day,sun_sky,nature,Adobe
train_1602.jpg,train,1602,outdoor,dusk,sun_sky,nature,AdobeMIT
train_1604.jpg,train,1604,outdoor,dusk,sun_sky,nature,AdobeMIT
train_1608.jpg,train,1608,outdoor,day,sun_sky,man_made,Adobe
train_1609.jpg,train,1609,outdoor,day,sun_sky,nature,AdobeMIT
train_1610.jpg,train,1610,outdoor,day,sun_sky,man_made,Adobe
train_1611.jpg,train,1611,outdoor,day,sun_sky,man_made,Adobe
train_1612.jpg,train,1612,outdoor,day,sun_sky,nature,AdobeMIT
train_1613.jpg,train,1613,outdoor,day,sun_sky,nature,AdobeMIT
train_1615.jpg,train,1615,outdoor,day,sun_sky,man_made,Adobe
train_1620.jpg,train,1620,outdoor,day,sun_sky,man_made,Adobe
train_1621.jpg,train,1621,outdoor,day,sun_sky,nature,AdobeMIT
train_1623.jpg,train,1623,outdoor,day,sun_sky,nature,Adobe
train_1624.jpg,train,1624,outdoor,day,sun_sky,man_made,Adobe
train_1625.jpg,train,1625,outdoor,day,sun_sky,man_made,AdobeMIT
train_1626.jpg,train,1626,outdoor,day,sun_sky,man_made,AdobeMIT
train_1627.jpg,train,1627,outdoor,day,sun_sky,man_made,AdobeMIT
train_1628.jpg,train,1628,outdoor,dusk,sun_sky,nature,AdobeMIT
train_1629.jpg,train,1629,outdoor,day,sun_sky,nature,Adobe
train_1630.jpg,train,1630,outdoor,night,artificial,man_made,AdobeMIT
train_1631.jpg,train,1631,outdoor,day,sun_sky,man_made,Adobe
train_1634.jpg,train,1634,outdoor,day,sun_sky,nature,AdobeMIT
train_1636.jpg,train,1636,outdoor,day,sun_sky,man_made,Adobe
train_1639.jpg,train,1639,outdoor,day,sun_sky,man_made,Adobe
train_1642.jpg,train,1642,outdoor,day,sun_sky,man_made,Adobe
train_1643.jpg,train,1643,outdoor,day,artificial,man_made,Adobe
train_1647.jpg,train,1647,outdoor,day,sun_sky,nature,AdobeMIT
train_1649.jpg,train,1649,outdoor,unknown,sun_sky,man_made,Adobe
train_1650.jpg,train,1650,outdoor,day,sun_sky,nature,AdobeMIT
train_1654.jpg,train,1654,outdoor,day,sun_sky,man_made,Adobe
train_1656.jpg,train,1656,outdoor,day,sun_sky,man_made,Adobe
train_1657.jpg,train,1657,outdoor,day,sun_sky,man_made,Adobe
train_1660.jpg,train,1660,outdoor,day,sun_sky,man_made,AdobeMIT
train_1663.jpg,train,1663,outdoor,day,sun_sky,nature,AdobeMIT
train_1664.jpg,train,1664,outdoor,day,sun_sky,nature,AdobeMIT
train_1665.jpg,train,1665,outdoor,day,sun_sky,nature,AdobeMIT
train_1668.jpg,train,1668,outdoor,day,sun_sky,nature,AdobeMIT
train_1669.jpg,train,1669,outdoor,unknown,sun_sky,man_made,AdobeMIT
train_1670.jpg,train,1670,outdoor,day,sun_sky,man_made,Adobe
train_1671.jpg,train,1671,outdoor,day,sun_sky,nature,AdobeMIT
train_1672.jpg,train,1672,outdoor,day,sun_sky,man_made,AdobeMIT
train_1673.jpg,train,1673,outdoor,day,sun_sky,man_made,AdobeMIT
train_1674.jpg,train,1674,outdoor,day,sun_sky,man_made,AdobeMIT
train_1675.jpg,train,1675,outdoor,day,sun_sky,nature,AdobeMIT
train_1677.jpg,train,1677,outdoor,day,sun_sky,nature,Adobe
train_1682.jpg,train,1682,outdoor,day,sun_sky,nature,Adobe
train_1683.jpg,train,1683,outdoor,day,sun_sky,man_made,Adobe
train_1684.jpg,train,1684,outdoor,dusk,sun_sky,nature,AdobeMIT
train_1687.jpg,train,1687,outdoor,day,sun_sky,nature,AdobeMIT
train_1689.jpg,train,1689,outdoor,day,sun_sky,man_made,AdobeMIT
train_1693.jpg,train,1693,outdoor,day,sun_sky,man_made,Adobe
train_1695.jpg,train,1695,outdoor,day,sun_sky,man_made,Adobe
train_1698.jpg,train,1698,outdoor,day,sun_sky,nature,AdobeMIT
train_1702.jpg,train,1702,outdoor,day,sun_sky,man_made,Adobe
train_1703.jpg,train,1703,outdoor,day,sun_sky,man_made,Adobe
train_1705.jpg,train,1705,outdoor,day,sun_sky,man_made,Adobe
train_1706.jpg,train,1706,outdoor,day,sun_sky,man_made,Adobe
train_1708.jpg,train,1708,outdoor,day,sun_sky,man_made,Adobe
train_1709.jpg,train,1709,outdoor,day,sun_sky,nature,AdobeMIT
train_1711.jpg,train,1711,outdoor,day,sun_sky,man_made,Adobe
train_1712.jpg,train,1712,outdoor,dusk,sun_sky,nature,AdobeMIT
train_1719.jpg,train,1719,outdoor,day,sun_sky,man_made,Adobe
train_1720.jpg,train,1720,outdoor,day,sun_sky,man_made,Adobe
train_1723.jpg,train,1723,outdoor,day,sun_sky,man_made,Adobe
train_1726.jpg,train,1726,outdoor,day,sun_sky,nature,AdobeMIT
train_1727.jpg,train,1727,outdoor,day,sun_sky,nature,Adobe
train_1729.jpg,train,1729,outdoor,day,sun_sky,man_made,Adobe
train_1730.jpg,train,1730,outdoor,day,sun_sky,nature,Adobe
train_1735.jpg,train,1735,outdoor,day,sun_sky,man_made,Adobe
train_1736.jpg,train,1736,outdoor,day,sun_sky,nature,AdobeMIT
train_1738.jpg,train,1738,outdoor,day,sun_sky,nature,AdobeMIT
train_1740.jpg,train,1740,outdoor,day,sun_sky,man_made,Adobe
train_1741.jpg,train,1741,outdoor,day,sun_sky,nature,Adobe
train_1742.jpg,train,1742,outdoor,day,sun_sky,nature,Adobe
train_1744.jpg,train,1744,outdoor,night,mixed,man_made,Adobe
train_1745.jpg,train,1745,outdoor,day,sun_sky,man_made,Adobe
train_1746.jpg,train,1746,outdoor,day,sun_sky,man_made,Adobe
train_1747.jpg,train,1747,outdoor,day,sun_sky,man_made,AdobeMIT
train_1748.jpg,train,1748,outdoor,day,sun_sky,nature,Adobe
train_1751.jpg,train,1751,outdoor,day,sun_sky,man_made,AdobeMIT
train_1752.jpg,train,1752,outdoor,day,sun_sky,man_made,Adobe
train_1753.jpg,train,1753,outdoor,day,sun_sky,nature,AdobeMIT
train_1756.jpg,train,1756,outdoor,day,sun_sky,nature,Adobe
train_1757.jpg,train,1757,outdoor,day,sun_sky,nature,AdobeMIT
train_1759.jpg,train,1759,outdoor,day,sun_sky,man_made,AdobeMIT
train_1760.jpg,train,1760,outdoor,day,sun_sky,nature,Adobe
train_1763.jpg,train,1763,outdoor,day,sun_sky,nature,AdobeMIT
train_1764.jpg,train,1764,outdoor,dusk,sun_sky,nature,Adobe
train_1765.jpg,train,1765,outdoor,day,sun_sky,nature,AdobeMIT
train_1767.jpg,train,1767,outdoor,day,sun_sky,nature,Adobe
train_1769.jpg,train,1769,outdoor,day,sun_sky,nature,Adobe
train_1770.jpg,train,1770,outdoor,day,sun_sky,man_made,AdobeMIT
train_1774.jpg,train,1774,outdoor,day,sun_sky,nature,AdobeMIT
train_1775.jpg,train,1775,outdoor,day,sun_sky,man_made,Adobe
train_1776.jpg,train,1776,outdoor,day,sun_sky,man_made,AdobeMIT
train_1777.jpg,train,1777,outdoor,day,sun_sky,nature,AdobeMIT
train_1778.jpg,train,1778,outdoor,day,sun_sky,man_made,Adobe
train_1779.jpg,train,1779,outdoor,dusk,sun_sky,man_made,AdobeMIT
train_1783.jpg,train,1783,outdoor,day,sun_sky,man_made,Adobe
train_1784.jpg,train,1784,outdoor,day,sun_sky,man_made,Adobe
train_1787.jpg,train,1787,outdoor,day,sun_sky,nature,Adobe
train_1790.jpg,train,1790,outdoor,day,sun_sky,nature,AdobeMIT
train_1795.jpg,train,1795,outdoor,day,sun_sky,man_made,Adobe
train_1796.jpg,train,1796,outdoor,day,sun_sky,man_made,Adobe
train_1800.jpg,train,1800,outdoor,unknown,mixed,nature,AdobeMIT
train_1804.jpg,train,1804,outdoor,day,sun_sky,man_made,Adobe
train_1810.jpg,train,1810,outdoor,day,sun_sky,man_made,Adobe
train_1812.jpg,train,1812,outdoor,dusk,sun_sky,man_made,Adobe
train_1813.jpg,train,1813,outdoor,day,sun_sky,nature,AdobeMIT
train_1816.jpg,train,1816,outdoor,day,sun_sky,man_made,Adobe
train_1817.jpg,train,1817,outdoor,night,artificial,man_made,Adobe
train_1818.jpg,train,1818,outdoor,day,sun_sky,nature,Adobe
train_1819.jpg,train,1819,outdoor,day,sun_sky,nature,AdobeMIT
train_1822.jpg,train,1822,outdoor,day,sun_sky,man_made,Adobe
train_1824.jpg,train,1824,outdoor,day,sun_sky,man_made,AdobeMIT
train_1826.jpg,train,1826,outdoor,day,sun_sky,nature,Adobe
train_1827.jpg,train,1827,outdoor,day,sun_sky,nature,AdobeMIT
train_1831.jpg,train,1831,outdoor,day,sun_sky,man_made,AdobeMIT
train_1835.jpg,train,1835,outdoor,day,sun_sky,nature,AdobeMIT
train_1836.jpg,train,1836,outdoor,day,sun_sky,man_made,AdobeMIT
train_1841.jpg,train,1841,outdoor,day,sun_sky,man_made,Adobe
train_1842.jpg,train,1842,outdoor,day,sun_sky,nature,AdobeMIT
train_1844.jpg,train,1844,outdoor,day,sun_sky,man_made,AdobeMIT
train_1845.jpg,train,1845,outdoor,day,sun_sky,nature,AdobeMIT
train_1846.jpg,train,1846,outdoor,day,sun_sky,man_made,AdobeMIT
train_1851.jpg,train,1851,outdoor,unknown,sun_sky,nature,AdobeMIT
train_1852.jpg,train,1852,outdoor,day,sun_sky,nature,Adobe
train_1853.jpg,train,1853,outdoor,day,sun_sky,nature,Adobe
train_1854.jpg,train,1854,outdoor,day,sun_sky,man_made,AdobeMIT
train_1855.jpg,train,1855,outdoor,unknown,sun_sky,nature,AdobeMIT
train_1859.jpg,train,1859,outdoor,day,sun_sky,man_made,Adobe
train_1861.jpg,train,1861,outdoor,day,sun_sky,nature,Adobe
train_1866.jpg,train,1866,outdoor,day,sun_sky,nature,AdobeMIT
train_1868.jpg,train,1868,outdoor,day,sun_sky,nature,AdobeMIT
train_1871.jpg,train,1871,outdoor,day,sun_sky,nature,AdobeMIT
train_1872.jpg,train,1872,outdoor,day,sun_sky,man_made,AdobeMIT
train_1873.jpg,train,1873,outdoor,day,sun_sky,nature,AdobeMIT
train_1874.jpg,train,1874,outdoor,day,sun_sky,nature,AdobeMIT
train_1878.jpg,train,1878,outdoor,day,sun_sky,man_made,AdobeMIT
train_1879.jpg,train,1879,outdoor,day,sun_sky,nature,Adobe
train_1880.jpg,train,1880,outdoor,day,sun_sky,man_made,Adobe
train_1890.jpg,train,1890,outdoor,day,sun_sky,man_made,AdobeMIT
train_1893.jpg,train,1893,outdoor,day,sun_sky,man_made,Adobe
train_1895.jpg,train,1895,outdoor,day,sun_sky,man_made,AdobeMIT
train_1896.jpg,train,1896,outdoor,day,sun_sky,man_made,Adobe
train_1897.jpg,train,1897,outdoor,day,sun_sky,nature,Adobe
train_1900.jpg,train,1900,outdoor,day,sun_sky,man_made,AdobeMIT
train_1901.jpg,train,1901,outdoor,day,sun_sky,man_made,Adobe
train_1903.jpg,train,1903,outdoor,day,sun_sky,man_made,Adobe
train_1907.jpg,train,1907,outdoor,day,sun_sky,man_made,Adobe
train_1910.jpg,train,1910,outdoor,dusk,sun_sky,man_made,AdobeMIT
train_1912.jpg,train,1912,outdoor,day,sun_sky,nature,Adobe
train_1913.jpg,train,1913,outdoor,day,sun_sky,nature,AdobeMIT
train_1914.jpg,train,1914,outdoor,day,sun_sky,man_made,Adobe
train_1915.jpg,train,1915,outdoor,unknown,sun_sky,nature,Adobe
train_1922.jpg,train,1922,outdoor,day,sun_sky,nature,AdobeMIT
train_1923.jpg,train,1923,outdoor,day,sun_sky,nature,Adobe
train_1924.jpg,train,1924,outdoor,day,sun_sky,man_made,Adobe
train_1925.jpg,train,1925,outdoor,dusk,sun_sky,man_made,Adobe
train_1926.jpg,train,1926,outdoor,day,sun_sky,nature,AdobeMIT
train_1927.jpg,train,1927,outdoor,day,sun_sky,man_made,AdobeMIT
train_1930.jpg,train,1930,outdoor,unknown,sun_sky,nature,AdobeMIT
train_1933.jpg,train,1933,outdoor,day,sun_sky,man_made,Adobe
train_1934.jpg,train,1934,outdoor,day,sun_sky,nature,Adobe
train_1935.jpg,train,1935,outdoor,day,sun_sky,man_made,Adobe
train_1937.jpg,train,1937,outdoor,day,sun_sky,nature,AdobeMIT
train_1938.jpg,train,1938,outdoor,day,sun_sky,man_made,AdobeMIT
train_1939.jpg,train,1939,outdoor,day,sun_sky,man_made,AdobeMIT
train_1940.jpg,train,1940,outdoor,day,sun_sky,man_made,Adobe
train_1941.jpg,train,1941,outdoor,day,sun_sky,nature,Adobe
train_1942.jpg,train,1942,outdoor,day,sun_sky,man_made,Adobe
train_1944.jpg,train,1944,outdoor,day,sun_sky,nature,Adobe
train_1945.jpg,train,1945,outdoor,night,mixed,man_made,AdobeMIT
train_1946.jpg,train,1946,outdoor,day,sun_sky,man_made,AdobeMIT
train_1947.jpg,train,1947,outdoor,day,sun_sky,nature,AdobeMIT
train_1948.jpg,train,1948,outdoor,day,sun_sky,man_made,Adobe
train_1951.jpg,train,1951,outdoor,day,sun_sky,nature,AdobeMIT
train_1952.jpg,train,1952,outdoor,day,sun_sky,nature,Adobe
train_1955.jpg,train,1955,outdoor,day,sun_sky,man_made,AdobeMIT
train_1956.jpg,train,1956,outdoor,day,sun_sky,man_made,AdobeMIT
train_1958.jpg,train,1958,outdoor,day,sun_sky,nature,AdobeMIT
train_1961.jpg,train,1961,outdoor,day,sun_sky,man_made,Adobe
train_1962.jpg,train,1962,outdoor,dusk,sun_sky,nature,Adobe
train_1964.jpg,train,1964,outdoor,day,sun_sky,man_made,AdobeMIT
train_1965.jpg,train,1965,outdoor,day,sun_sky,man_made,Adobe
train_1968.jpg,train,1968,outdoor,day,sun_sky,man_made,AdobeMIT
train_1970.jpg,train,1970,outdoor,dusk,sun_sky,nature,Adobe
train_1972.jpg,train,1972,outdoor,day,sun_sky,nature,AdobeMIT
train_1973.jpg,train,1973,outdoor,day,sun_sky,man_made,AdobeMIT
train_1977.jpg,train,1977,outdoor,day,sun_sky,man_made,AdobeMIT
train_1978.jpg,train,1978,outdoor,unknown,sun_sky,nature,Adobe
train_1979.jpg,train,1979,outdoor,day,sun_sky,nature,AdobeMIT
train_1985.jpg,train,1985,outdoor,day,sun_sky,man_made,AdobeMIT
train_1991.jpg,train,1991,outdoor,dusk,sun_sky,nature,AdobeMIT
train_1993.jpg,train,1993,outdoor,day,sun_sky,nature,AdobeMIT
train_1996.jpg,train,1996,outdoor,day,sun_sky,man_made,AdobeMIT
train_2000.jpg,train,2000,outdoor,day,sun_sky,nature,Adobe
train_2001.jpg,train,2001,outdoor,day,sun_sky,man_made,AdobeMIT
train_2003.jpg,train,2003,outdoor,day,sun_sky,man_made,AdobeMIT
train_2004.jpg,train,2004,outdoor,day,sun_sky,nature,Adobe
train_2007.jpg,train,2007,outdoor,day,sun_sky,nature,AdobeMIT
train_2009.jpg,train,2009,outdoor,day,sun_sky,nature,AdobeMIT
train_2010.jpg,train,2010,outdoor,dusk,sun_sky,nature,Adobe
train_2016.jpg,train,2016,outdoor,day,sun_sky,man_made,Adobe
train_2018.jpg,train,2018,outdoor,day,sun_sky,man_made,Adobe
train_2019.jpg,train,2019,outdoor,day,sun_sky,man_made,Adobe
train_2022.jpg,train,2022,outdoor,day,sun_sky,nature,AdobeMIT
train_2023.jpg,train,2023,outdoor,day,sun_sky,nature,AdobeMIT
train_2028.jpg,train,2028,outdoor,dusk,sun_sky,man_made,Adobe
train_2029.jpg,train,2029,outdoor,day,sun_sky,nature,AdobeMIT
train_2030.jpg,train,2030,outdoor,day,sun_sky,nature,AdobeMIT
train_2034.jpg,train,2034,outdoor,day,sun_sky,man_made,Adobe
train_2035.jpg,train,2035,outdoor,day,sun_sky,nature,AdobeMIT
train_2036.jpg,train,2036,outdoor,day,sun_sky,man_made,AdobeMIT
train_2038.jpg,train,2038,outdoor,day,sun_sky,nature,AdobeMIT
train_2040.jpg,train,2040,outdoor,day,sun_sky,man_made,Adobe
train_2041.jpg,train,2041,outdoor,day,sun_sky,nature,Adobe
train_2042.jpg,train,2042,outdoor,day,sun_sky,nature,Adobe
train_2045.jpg,train,2045,outdoor,day,sun_sky,nature,Adobe
train_2046.jpg,train,2046,outdoor,day,sun_sky,man_made,Adobe
train_2049.jpg,train,2049,outdoor,day,sun_sky,man_made,AdobeMIT
train_2050.jpg,train,2050,outdoor,day,sun_sky,man_made,Adobe
train_2051.jpg,train,2051,outdoor,day,sun_sky,man_made,AdobeMIT
train_2054.jpg,train,2054,outdoor,day,sun_sky,nature,AdobeMIT
train_2060.jpg,train,2060,outdoor,day,sun_sky,man_made,Adobe
train_2061.jpg,train,2061,outdoor,day,sun_sky,man_made,Adobe
train_2064.jpg,train,2064,outdoor,day,sun_sky,nature,Adobe
train_2066.jpg,train,2066,outdoor,day,sun_sky,man_made,Adobe
train_2067.jpg,train,2067,outdoor,day,sun_sky,nature,AdobeMIT
train_2068.jpg,train,2068,outdoor,day,sun_sky,nature,Adobe
train_2069.jpg,train,2069,outdoor,day,sun_sky,man_made,Adobe
train_2070.jpg,train,2070,outdoor,day,sun_sky,man_made,AdobeMIT
train_2075.jpg,train,2075,outdoor,unknown,sun_sky,man_made,Adobe
train_2078.jpg,train,2078,outdoor,day,sun_sky,nature,AdobeMIT
train_2079.jpg,train,2079,outdoor,day,sun_sky,man_made,AdobeMIT
train_2084.jpg,train,2084,outdoor,day,sun_sky,nature,Adobe
train_2085.jpg,train,2085,outdoor,day,sun_sky,man_made,AdobeMIT
train_2087.jpg,train,2087,outdoor,day,sun_sky,man_made,AdobeMIT
train_2091.jpg,train,2091,outdoor,day,sun_sky,nature,AdobeMIT
train_2092.jpg,train,2092,outdoor,day,sun_sky,man_made,AdobeMIT
train_2093.jpg,train,2093,outdoor,day,sun_sky,nature,Adobe
train_2095.jpg,train,2095,outdoor,night,artificial,man_made,AdobeMIT
train_2096.jpg,train,2096,outdoor,day,sun_sky,man_made,AdobeMIT
train_2097.jpg,train,2097,outdoor,day,sun_sky,man_made,Adobe
train_2100.jpg,train,2100,outdoor,day,sun_sky,nature,AdobeMIT
train_2101.jpg,train,2101,outdoor,day,sun_sky,nature,AdobeMIT
train_2102.jpg,train,2102,outdoor,day,sun_sky,nature,AdobeMIT
train_2106.jpg,train,2106,outdoor,day,sun_sky,man_made,Adobe
train_2108.jpg,train,2108,outdoor,dusk,sun_sky,nature,Adobe
train_2110.jpg,train,2110,outdoor,day,sun_sky,nature,AdobeMIT
train_2111.jpg,train,2111,outdoor,day,sun_sky,nature,AdobeMIT
train_2112.jpg,train,2112,outdoor,day,sun_sky,man_made,AdobeMIT
train_2114.jpg,train,2114,outdoor,day,sun_sky,nature,Adobe
train_2117.jpg,train,2117,outdoor,day,sun_sky,man_made,AdobeMIT
train_2119.jpg,train,2119,outdoor,day,sun_sky,nature,AdobeMIT
train_2120.jpg,train,2120,outdoor,day,sun_sky,nature,Adobe
train_2121.jpg,train,2121,outdoor,day,sun_sky,man_made,Adobe
train_2124.jpg,train,2124,outdoor,day,sun_sky,man_made,AdobeMIT
train_2126.jpg,train,2126,outdoor,day,sun_sky,man_made,Adobe
train_2128.jpg,train,2128,outdoor,day,sun_sky,man_made,Adobe
train_2129.jpg,train,2129,outdoor,day,sun_sky,man_made,AdobeMIT
train_2132.jpg,train,2132,outdoor,day,sun_sky,nature,Adobe
train_2135.jpg,train,2135,outdoor,day,sun_sky,nature,AdobeMIT
train_2136.jpg,train,2136,outdoor,day,sun_sky,nature,AdobeMIT
train_2141.jpg,train,2141,outdoor,day,sun_sky,man_made,AdobeMIT
train_2143.jpg,train,2143,outdoor,day,sun_sky,man_made,AdobeMIT
train_2144.jpg,train,2144,outdoor,dusk,artificial,man_made,Adobe
train_2145.jpg,train,2145,outdoor,day,sun_sky,nature,AdobeMIT
train_2147.jpg,train,2147,outdoor,day,sun_sky,nature,AdobeMIT
train_2148.jpg,train,2148,outdoor,day,sun_sky,man_made,AdobeMIT
train_2154.jpg,train,2154,outdoor,unknown,sun_sky,man_made,Adobe
train_2156.jpg,train,2156,outdoor,day,sun_sky,nature,AdobeMIT
train_2158.jpg,train,2158,outdoor,day,sun_sky,man_made,AdobeMIT
train_2162.jpg,train,2162,outdoor,day,sun_sky,man_made,Adobe
train_2164.jpg,train,2164,outdoor,day,sun_sky,man_made,AdobeMIT
train_2166.jpg,train,2166,outdoor,day,sun_sky,man_made,Adobe
train_2167.jpg,train,2167,outdoor,dusk,sun_sky,man_made,AdobeMIT
train_2169.jpg,train,2169,outdoor,day,sun_sky,man_made,Adobe
train_2174.jpg,train,2174,outdoor,day,sun_sky,nature,AdobeMIT
train_2176.jpg,train,2176,outdoor,day,sun_sky,nature,AdobeMIT
train_2181.jpg,train,2181,outdoor,day,sun_sky,nature,AdobeMIT
train_2182.jpg,train,2182,outdoor,dusk,sun_sky,nature,AdobeMIT
train_2183.jpg,train,2183,outdoor,day,sun_sky,nature,Adobe
train_2184.jpg,train,2184,outdoor,dusk,sun_sky,nature,Adobe
train_2186.jpg,train,2186,outdoor,day,sun_sky,nature,AdobeMIT
train_2187.jpg,train,2187,outdoor,day,sun_sky,man_made,AdobeMIT
train_2188.jpg,train,2188,outdoor,day,sun_sky,man_made,AdobeMIT
train_2190.jpg,train,2190,outdoor,day,sun_sky,man_made,AdobeMIT
train_2196.jpg,train,2196,outdoor,day,sun_sky,man_made,Adobe
train_2197.jpg,train,2197,outdoor,day,sun_sky,nature,Adobe
train_2201.jpg,train,2201,outdoor,dusk,sun_sky,nature,AdobeMIT
train_2202.jpg,train,2202,outdoor,day,sun_sky,nature,Adobe
train_2207.jpg,train,2207,outdoor,day,sun_sky,man_made,Adobe
train_2209.jpg,train,2209,outdoor,unknown,sun_sky,nature,Adobe
train_2212.jpg,train,2212,outdoor,day,sun_sky,nature,AdobeMIT
train_2214.jpg,train,2214,outdoor,day,sun_sky,man_made,AdobeMIT
train_2217.jpg,train,2217,outdoor,day,sun_sky,man_made,Adobe
train_2218.jpg,train,2218,outdoor,day,sun_sky,nature,Adobe
train_2220.jpg,train,2220,outdoor,day,sun_sky,nature,Adobe
train_2221.jpg,train,2221,outdoor,day,sun_sky,nature,AdobeMIT
train_2224.jpg,train,2224,outdoor,day,sun_sky,man_made,AdobeMIT
train_2228.jpg,train,2228,outdoor,day,sun_sky,man_made,Adobe
train_2230.jpg,train,2230,outdoor,dusk,sun_sky,man_made,AdobeMIT
train_2233.jpg,train,2233,outdoor,day,sun_sky,nature,Adobe
train_2234.jpg,train,2234,outdoor,dusk,sun_sky,nature,Adobe
train_2236.jpg,train,2236,outdoor,day,sun_sky,nature,AdobeMIT
train_2237.jpg,train,2237,outdoor,day,sun_sky,nature,Adobe
train_2238.jpg,train,2238,outdoor,dusk,sun_sky,man_made,Adobe
train_2239.jpg,train,2239,outdoor,day,sun_sky,man_made,Adobe
train_2240.jpg,train,2240,outdoor,dusk,sun_sky,nature,Adobe
train_2242.jpg,train,2242,outdoor,day,sun_sky,nature,Adobe
train_2243.jpg,train,2243,outdoor,day,sun_sky,nature,AdobeMIT
train_2245.jpg,train,2245,outdoor,day,sun_sky,man_made,Adobe
train_2248.jpg,train,2248,outdoor,day,sun_sky,man_made,Adobe
train_2249.jpg,train,2249,outdoor,day,sun_sky,nature,AdobeMIT
train_2252.jpg,train,2252,outdoor,dusk,sun_sky,man_made,AdobeMIT
train_2253.jpg,train,2253,outdoor,dusk,sun_sky,man_made,Adobe
train_2255.jpg,train,2255,outdoor,day,sun_sky,nature,AdobeMIT
train_2261.jpg,train,2261,outdoor,dusk,sun_sky,man_made,Adobe
train_2262.jpg,train,2262,outdoor,day,sun_sky,man_made,Adobe
train_2266.jpg,train,2266,outdoor,day,sun_sky,man_made,Adobe
train_2267.jpg,train,2267,outdoor,day,sun_sky,nature,AdobeMIT
train_2268.jpg,train,2268,outdoor,day,sun_sky,man_made,Adobe
train_2269.jpg,train,2269,outdoor,day,sun_sky,man_made,AdobeMIT
train_2272.jpg,train,2272,outdoor,day,sun_sky,nature,Adobe
train_2274.jpg,train,2274,outdoor,day,sun_sky,man_made,Adobe
train_2284.jpg,train,2284,outdoor,night,artificial,man_made,Adobe
train_2285.jpg,train,2285,outdoor,day,sun_sky,nature,AdobeMIT
train_2287.jpg,train,2287,outdoor,day,sun_sky,nature,AdobeMIT
train_2288.jpg,train,2288,outdoor,day,sun_sky,man_made,Adobe
train_2290.jpg,train,2290,outdoor,day,sun_sky,man_made,Adobe
train_2292.jpg,train,2292,outdoor,day,sun_sky,man_made,AdobeMIT
train_2293.jpg,train,2293,outdoor,day,sun_sky,man_made,AdobeMIT
train_2295.jpg,train,2295,outdoor,day,sun_sky,man_made,Adobe
train_2298.jpg,train,2298,outdoor,day,sun_sky,man_made,Adobe
train_2303.jpg,train,2303,outdoor,day,sun_sky,man_made,AdobeMIT
train_2304.jpg,train,2304,outdoor,day,sun_sky,nature,AdobeMIT
train_2308.jpg,train,2308,outdoor,day,sun_sky,man_made,AdobeMIT
train_2309.jpg,train,2309,outdoor,day,sun_sky,nature,Adobe
train_2311.jpg,train,2311,outdoor,day,sun_sky,man_made,AdobeMIT
train_2316.jpg,train,2316,outdoor,day,sun_sky,man_made,AdobeMIT
train_2317.jpg,train,2317,outdoor,day,sun_sky,man_made,Adobe
train_2318.jpg,train,2318,outdoor,day,sun_sky,man_made,AdobeMIT
train_2321.jpg,train,2321,outdoor,day,sun_sky,man_made,Adobe
train_2323.jpg,train,2323,outdoor,unknown,mixed,nature,AdobeMIT
train_2326.jpg,train,2326,outdoor,day,sun_sky,nature,Adobe
train_2329.jpg,train,2329,outdoor,day,sun_sky,nature,Adobe
train_2330.jpg,train,2330,outdoor,day,sun_sky,nature,AdobeMIT
train_2335.jpg,train,2335,outdoor,dusk,sun_sky,nature,AdobeMIT
train_2337.jpg,train,2337,outdoor,day,sun_sky,nature,AdobeMIT
train_2339.jpg,train,2339,outdoor,day,sun_sky,nature,AdobeMIT
train_2340.jpg,train,2340,outdoor,day,sun_sky,man_made,AdobeMIT
train_2341.jpg,train,2341,outdoor,day,sun_sky,man_made,Adobe
train_2345.jpg,train,2345,outdoor,day,sun_sky,nature,Adobe
train_2346.jpg,train,2346,outdoor,dusk,sun_sky,man_made,Adobe
train_2352.jpg,train,2352,outdoor,day,sun_sky,man_made,Adobe
train_2353.jpg,train,2353,outdoor,day,sun_sky,nature,AdobeMIT
train_2354.jpg,train,2354,outdoor,day,sun_sky,nature,AdobeMIT
train_2356.jpg,train,2356,outdoor,day,sun_sky,nature,Adobe
train_2357.jpg,train,2357,outdoor,day,sun_sky,nature,Adobe
train_2358.jpg,train,2358,outdoor,day,sun_sky,nature,AdobeMIT
train_2359.jpg,train,2359,outdoor,day,sun_sky,nature,Adobe
train_2361.jpg,train,2361,outdoor,day,sun_sky,man_made,AdobeMIT
train_2363.jpg,train,2363,outdoor,day,sun_sky,nature,AdobeMIT
train_2364.jpg,train,2364,outdoor,day,sun_sky,man_made,AdobeMIT
train_2366.jpg,train,2366,outdoor,day,sun_sky,man_made,AdobeMIT
train_2369.jpg,train,2369,outdoor,day,sun_sky,nature,Adobe
train_2372.jpg,train,2372,outdoor,day,sun_sky,man_made,Adobe
train_2373.jpg,train,2373,outdoor,unknown,mixed,nature,Adobe
train_2376.jpg,train,2376,outdoor,day,sun_sky,man_made,Adobe
train_2377.jpg,train,2377,outdoor,day,sun_sky,man_made,Adobe
train_2380.jpg,train,2380,outdoor,day,sun_sky,man_made,AdobeMIT
train_2384.jpg,train,2384,outdoor,day,sun_sky,nature,Adobe
train_2385.jpg,train,2385,outdoor,day,sun_sky,man_made,Adobe
train_2387.jpg,train,2387,outdoor,day,sun_sky,man_made,Adobe
train_2388.jpg,train,2388,outdoor,unknown,sun_sky,nature,Adobe
train_2392.jpg,train,2392,outdoor,day,sun_sky,man_made,Adobe
train_2393.jpg,train,2393,outdoor,day,sun_sky,man_made,AdobeMIT
train_2394.jpg,train,2394,outdoor,day,sun_sky,nature,Adobe
train_2396.jpg,train,2396,outdoor,day,sun_sky,man_made,Adobe
train_2397.jpg,train,2397,outdoor,unknown,sun_sky,man_made,AdobeMIT
train_2398.jpg,train,2398,outdoor,day,sun_sky,man_made,Adobe
train_2400.jpg,train,2400,outdoor,dusk,sun_sky,nature,Adobe
train_2401.jpg,train,2401,outdoor,day,sun_sky,nature,AdobeMIT
train_2405.jpg,train,2405,outdoor,day,sun_sky,man_made,AdobeMIT
train_2409.jpg,train,2409,outdoor,day,sun_sky,nature,Adobe
train_2410.jpg,train,2410,outdoor,dusk,sun_sky,nature,Adobe
train_2413.jpg,train,2413,outdoor,night,artificial,man_made,Adobe
train_2418.jpg,train,2418,outdoor,day,sun_sky,man_made,Adobe
train_2420.jpg,train,2420,outdoor,day,sun_sky,nature,AdobeMIT
train_2421.jpg,train,2421,outdoor,day,sun_sky,man_made,Adobe
train_2422.jpg,train,2422,outdoor,day,sun_sky,man_made,Adobe
train_2423.jpg,train,2423,outdoor,day,sun_sky,nature,AdobeMIT
train_2427.jpg,train,2427,outdoor,day,sun_sky,man_made,Adobe
train_2430.jpg,train,2430,outdoor,day,sun_sky,man_made,Adobe
train_2432.jpg,train,2432,outdoor,day,sun_sky,man_made,AdobeMIT
train_2434.jpg,train,2434,outdoor,day,sun_sky,nature,AdobeMIT
train_2437.jpg,train,2437,outdoor,day,sun_sky,man_made,AdobeMIT
train_2438.jpg,train,2438,outdoor,day,sun_sky,nature,AdobeMIT
train_2444.jpg,train,2444,outdoor,day,sun_sky,man_made,Adobe
train_2446.jpg,train,2446,outdoor,night,artificial,man_made,Adobe
train_2449.jpg,train,2449,outdoor,day,sun_sky,nature,AdobeMIT
train_2450.jpg,train,2450,outdoor,day,sun_sky,man_made,AdobeMIT
train_2452.jpg,train,2452,outdoor,day,sun_sky,man_made,AdobeMIT
train_2453.jpg,train,2453,outdoor,day,sun_sky,nature,Adobe
train_2454.jpg,train,2454,outdoor,day,sun_sky,man_made,AdobeMIT
train_2457.jpg,train,2457,outdoor,day,sun_sky,nature,AdobeMIT
train_2458.jpg,train,2458,outdoor,dusk,sun_sky,man_made,Adobe
train_2459.jpg,train,2459,outdoor,day,sun_sky,nature,AdobeMIT
train_2461.jpg,train,2461,outdoor,day,sun_sky,nature,Adobe
train_2462.jpg,train,2462,outdoor,day,sun_sky,man_made,AdobeMIT
train_2463.jpg,train,2463,outdoor,day,sun_sky,man_made,Adobe
train_2464.jpg,train,2464,outdoor,day,sun_sky,man_made,AdobeMIT
train_2465.jpg,train,2465,outdoor,day,sun_sky,man_made,Adobe
train_2468.jpg,train,2468,outdoor,day,sun_sky,man_made,Adobe
train_2469.jpg,train,2469,outdoor,day,sun_sky,man_made,AdobeMIT
train_2470.jpg,train,2470,outdoor,unknown,sun_sky,man_made,Adobe
train_2476.jpg,train,2476,outdoor,day,sun_sky,nature,AdobeMIT
train_2477.jpg,train,2477,outdoor,dusk,sun_sky,nature,Adobe
train_2478.jpg,train,2478,outdoor,dusk,sun_sky,man_made,Adobe
train_2479.jpg,train,2479,outdoor,day,sun_sky,man_made,Adobe
train_2481.jpg,train,2481,outdoor,day,sun_sky,nature,AdobeMIT
train_2482.jpg,train,2482,outdoor,day,sun_sky,man_made,Adobe
train_2485.jpg,train,2485,outdoor,day,sun_sky,nature,AdobeMIT
train_2490.jpg,train,2490,outdoor,day,sun_sky,nature,Adobe
train_2491.jpg,train,2491,outdoor,day,sun_sky,man_made,Adobe
train_2492.jpg,train,2492,outdoor,day,sun_sky,man_made,Adobe
train_2495.jpg,train,2495,outdoor,day,sun_sky,nature,Adobe
train_2501.jpg,train,2501,outdoor,unknown,mixed,nature,Adobe
train_2502.jpg,train,2502,outdoor,day,sun_sky,man_made,Adobe
train_2504.jpg,train,2504,outdoor,dusk,sun_sky,man_made,AdobeMIT
train_2509.jpg,train,2509,outdoor,night,sun_sky,man_made,Adobe
train_2510.jpg,train,2510,outdoor,day,sun_sky,man_made,Adobe
train_2511.jpg,train,2511,outdoor,day,sun_sky,nature,Adobe
train_2513.jpg,train,2513,outdoor,dusk,sun_sky,man_made,Adobe
train_2515.jpg,train,2515,outdoor,day,sun_sky,man_made,AdobeMIT
train_2516.jpg,train,2516,outdoor,day,sun_sky,man_made,AdobeMIT
train_2518.jpg,train,2518,outdoor,day,sun_sky,man_made,AdobeMIT
train_2521.jpg,train,2521,outdoor,day,sun_sky,man_made,AdobeMIT
train_2522.jpg,train,2522,outdoor,day,sun_sky,man_made,Adobe
train_2523.jpg,train,2523,outdoor,day,sun_sky,nature,AdobeMIT
train_2525.jpg,train,2525,outdoor,day,sun_sky,man_made,Adobe
train_2526.jpg,train,2526,outdoor,day,sun_sky,man_made,Adobe
train_2527.jpg,train,2527,outdoor,day,sun_sky,man_made,AdobeMIT
train_2528.jpg,train,2528,outdoor,day,sun_sky,nature,AdobeMIT
train_2529.jpg,train,2529,outdoor,day,sun_sky,man_made,AdobeMIT
train_2530.jpg,train,2530,outdoor,day,sun_sky,man_made,AdobeMIT
train_2531.jpg,train,2531,outdoor,day,sun_sky,nature,AdobeMIT
train_2535.jpg,train,2535,outdoor,day,sun_sky,nature,AdobeMIT
train_2536.jpg,train,2536,outdoor,day,sun_sky,nature,AdobeMIT
train_2539.jpg,train,2539,outdoor,unknown,mixed,man_made,Adobe
train_2540.jpg,train,2540,outdoor,day,sun_sky,man_made,AdobeMIT
train_2542.jpg,train,2542,outdoor,day,sun_sky,man_made,AdobeMIT
train_2543.jpg,train,2543,outdoor,day,sun_sky,man_made,AdobeMIT
train_2544.jpg,train,2544,outdoor,day,sun_sky,man_made,Adobe
train_2546.jpg,train,2546,outdoor,day,sun_sky,nature,Adobe
train_2550.jpg,train,2550,outdoor,dusk,sun_sky,man_made,Adobe
train_2552.jpg,train,2552,outdoor,night,artificial,man_made,Adobe
train_2553.jpg,train,2553,outdoor,night,mixed,man_made,Adobe
train_2554.jpg,train,2554,outdoor,day,sun_sky,man_made,AdobeMIT
train_2557.jpg,train,2557,outdoor,day,sun_sky,nature,Adobe
train_2558.jpg,train,2558,outdoor,day,sun_sky,man_made,AdobeMIT
train_2560.jpg,train,2560,outdoor,day,sun_sky,man_made,Adobe
train_2563.jpg,train,2563,outdoor,day,sun_sky,man_made,Adobe
train_2565.jpg,train,2565,outdoor,day,sun_sky,man_made,Adobe
train_2570.jpg,train,2570,outdoor,day,sun_sky,nature,AdobeMIT
train_2573.jpg,train,2573,outdoor,day,sun_sky,nature,Adobe
train_2574.jpg,train,2574,outdoor,day,sun_sky,man_made,AdobeMIT
train_2575.jpg,train,2575,outdoor,day,sun_sky,nature,AdobeMIT
train_2577.jpg,train,2577,outdoor,day,sun_sky,man_made,AdobeMIT
train_2581.jpg,train,2581,outdoor,day,sun_sky,man_made,Adobe
train_2582.jpg,train,2582,outdoor,day,sun_sky,man_made,AdobeMIT
train_2584.jpg,train,2584,outdoor,day,sun_sky,nature,AdobeMIT
train_2590.jpg,train,2590,outdoor,day,sun_sky,nature,Adobe
train_2593.jpg,train,2593,outdoor,day,sun_sky,nature,AdobeMIT
train_2594.jpg,train,2594,outdoor,day,sun_sky,nature,Adobe
train_2595.jpg,train,2595,outdoor,night,sun_sky,man_made,Adobe
train_2599.jpg,train,2599,outdoor,day,sun_sky,nature,Adobe
train_2604.jpg,train,2604,outdoor,day,sun_sky,man_made,Adobe
train_2608.jpg,train,2608,outdoor,dusk,sun_sky,nature,AdobeMIT
train_2610.jpg,train,2610,outdoor,day,sun_sky,nature,Adobe
train_2612.jpg,train,2612,outdoor,day,sun_sky,nature,AdobeMIT
train_2614.jpg,train,2614,outdoor,day,sun_sky,man_made,AdobeMIT
train_2615.jpg,train,2615,outdoor,day,sun_sky,nature,Adobe
train_2616.jpg,train,2616,outdoor,day,sun_sky,man_made,AdobeMIT
train_2618.jpg,train,2618,outdoor,day,sun_sky,nature,AdobeMIT
train_2619.jpg,train,2619,outdoor,day,sun_sky,nature,AdobeMIT
train_2620.jpg,train,2620,outdoor,day,sun_sky,man_made,Adobe
train_2621.jpg,train,2621,outdoor,day,sun_sky,nature,Adobe
train_2624.jpg,train,2624,outdoor,day,sun_sky,nature,Adobe
train_2626.jpg,train,2626,outdoor,day,sun_sky,man_made,AdobeMIT
train_2629.jpg,train,2629,outdoor,dusk,sun_sky,man_made,Adobe
train_2630.jpg,train,2630,outdoor,day,sun_sky,nature,AdobeMIT
train_2632.jpg,train,2632,outdoor,dusk,sun_sky,man_made,Adobe
train_2633.jpg,train,2633,outdoor,day,sun_sky,man_made,Adobe
train_2636.jpg,train,2636,outdoor,day,sun_sky,man_made,AdobeMIT
train_2637.jpg,train,2637,outdoor,day,sun_sky,man_made,Adobe
train_2641.jpg,train,2641,outdoor,day,sun_sky,man_made,Adobe
train_2643.jpg,train,2643,outdoor,unknown,sun_sky,man_made,Adobe
train_2646.jpg,train,2646,outdoor,day,sun_sky,man_made,Adobe
train_2649.jpg,train,2649,outdoor,day,sun_sky,man_made,Adobe
train_2652.jpg,train,2652,outdoor,day,sun_sky,man_made,AdobeMIT
train_2653.jpg,train,2653,outdoor,day,sun_sky,man_made,Adobe
train_2657.jpg,train,2657,outdoor,day,sun_sky,man_made,Adobe
train_2658.jpg,train,2658,outdoor,day,sun_sky,man_made,Adobe
train_2662.jpg,train,2662,outdoor,day,sun_sky,nature,AdobeMIT
train_2663.jpg,train,2663,outdoor,day,sun_sky,man_made,Adobe
train_2667.jpg,train,2667,outdoor,day,sun_sky,man_made,Adobe
train_2668.jpg,train,2668,outdoor,day,sun_sky,man_made,Adobe
train_2670.jpg,train,2670,outdoor,day,sun_sky,nature,Adobe
train_2671.jpg,train,2671,outdoor,day,sun_sky,man_made,Adobe
train_2672.jpg,train,2672,outdoor,day,sun_sky,man_made,AdobeMIT
train_2674.jpg,train,2674,outdoor,day,sun_sky,man_made,Adobe
train_2676.jpg,train,2676,outdoor,day,sun_sky,nature,AdobeMIT
train_2678.jpg,train,2678,outdoor,day,sun_sky,nature,Adobe
train_2681.jpg,train,2681,outdoor,day,sun_sky,nature,Adobe
train_2684.jpg,train,2684,outdoor,dusk,sun_sky,man_made,Adobe
train_2685.jpg,train,2685,outdoor,day,sun_sky,man_made,AdobeMIT
train_2686.jpg,train,2686,outdoor,dusk,sun_sky,nature,AdobeMIT
train_2689.jpg,train,2689,outdoor,day,sun_sky,nature,Adobe
train_2691.jpg,train,2691,outdoor,day,sun_sky,man_made,Adobe
train_2694.jpg,train,2694,outdoor,day,sun_sky,nature,Adobe
train_2695.jpg,train,2695,outdoor,day,sun_sky,man_made,Adobe
train_2698.jpg,train,2698,outdoor,day,sun_sky,man_made,AdobeMIT
train_2700.jpg,train,2700,outdoor,day,sun_sky,nature,Adobe
train_2701.jpg,train,2701,outdoor,day,sun_sky,man_made,Adobe
train_2702.jpg,train,2702,outdoor,day,sun_sky,man_made,Adobe
train_2704.jpg,train,2704,outdoor,day,sun_sky,nature,Adobe
train_2707.jpg,train,2707,outdoor,day,sun_sky,man_made,Adobe
train_2710.jpg,train,2710,outdoor,day,sun_sky,man_made,AdobeMIT
train_2711.jpg,train,2711,outdoor,day,sun_sky,man_made,Adobe
train_2712.jpg,train,2712,outdoor,day,sun_sky,man_made,AdobeMIT
train_2715.jpg,train,2715,outdoor,day,sun_sky,man_made,Adobe
train_2718.jpg,train,2718,outdoor,dusk,sun_sky,nature,Adobe
train_2720.jpg,train,2720,outdoor,day,sun_sky,nature,Adobe
train_2723.jpg,train,2723,outdoor,day,sun_sky,man_made,Adobe
train_2724.jpg,train,2724,outdoor,day,sun_sky,nature,Adobe
train_2725.jpg,train,2725,outdoor,unknown,sun_sky,nature,AdobeMIT
train_2730.jpg,train,2730,outdoor,day,sun_sky,nature,Adobe
train_2731.jpg,train,2731,outdoor,day,sun_sky,man_made,AdobeMIT
train_2733.jpg,train,2733,outdoor,day,sun_sky,man_made,Adobe
train_2735.jpg,train,2735,outdoor,day,sun_sky,man_made,Adobe
train_2736.jpg,train,2736,outdoor,day,sun_sky,man_made,Adobe
train_2737.jpg,train,2737,outdoor,day,sun_sky,nature,Adobe
train_2738.jpg,train,2738,outdoor,day,sun_sky,nature,Adobe
train_2740.jpg,train,2740,outdoor,day,sun_sky,nature,AdobeMIT
train_2741.jpg,train,2741,outdoor,day,sun_sky,nature,Adobe
train_2742.jpg,train,2742,outdoor,day,sun_sky,man_made,Adobe
train_2744.jpg,train,2744,outdoor,day,sun_sky,man_made,Adobe
train_2745.jpg,train,2745,outdoor,day,sun_sky,man_made,Adobe
train_2747.jpg,train,2747,outdoor,day,sun_sky,nature,Adobe
train_2748.jpg,train,2748,outdoor,day,sun_sky,nature,Adobe
train_2749.jpg,train,2749,outdoor,day,sun_sky,nature,AdobeMIT
train_2751.jpg,train,2751,outdoor,day,sun_sky,man_made,AdobeMIT
train_2754.jpg,train,2754,outdoor,day,sun_sky,man_made,AdobeMIT
train_2755.jpg,train,2755,outdoor,day,sun_sky,man_made,Adobe
train_2757.jpg,train,2757,outdoor,day,sun_sky,man_made,Adobe
train_2758.jpg,train,2758,outdoor,day,sun_sky,nature,AdobeMIT
train_2759.jpg,train,2759,outdoor,day,sun_sky,man_made,AdobeMIT
train_2760.jpg,train,2760,outdoor,dusk,sun_sky,nature,Adobe
train_2762.jpg,train,2762,outdoor,day,sun_sky,man_made,AdobeMIT
train_2764.jpg,train,2764,outdoor,day,sun_sky,nature,Adobe
train_2767.jpg,train,2767,outdoor,unknown,mixed,nature,Adobe
train_2768.jpg,train,2768,outdoor,day,sun_sky,man_made,Adobe
train_2769.jpg,train,2769,outdoor,day,sun_sky,nature,Adobe
train_2771.jpg,train,2771,outdoor,day,sun_sky,man_made,AdobeMIT
train_2772.jpg,train,2772,outdoor,day,sun_sky,nature,Adobe
train_2773.jpg,train,2773,outdoor,day,sun_sky,man_made,AdobeMIT
train_2774.jpg,train,2774,outdoor,day,sun_sky,nature,Adobe
train_2775.jpg,train,2775,outdoor,day,sun_sky,nature,Adobe
train_2776.jpg,train,2776,outdoor,day,sun_sky,nature,Adobe
train_2778.jpg,train,2778,outdoor,day,sun_sky,man_made,Adobe
train_2779.jpg,train,2779,outdoor,unknown,sun_sky,nature,Adobe
train_2782.jpg,train,2782,outdoor,day,sun_sky,man_made,AdobeMIT
train_2783.jpg,train,2783,outdoor,day,sun_sky,man_made,AdobeMIT
train_2785.jpg,train,2785,outdoor,night,sun_sky,man_made,Adobe
train_2786.jpg,train,2786,outdoor,day,sun_sky,man_made,Adobe
train_2789.jpg,train,2789,outdoor,day,sun_sky,nature,AdobeMIT
train_2790.jpg,train,2790,outdoor,day,sun_sky,man_made,Adobe
train_2791.jpg,train,2791,outdoor,day,sun_sky,nature,AdobeMIT
train_2792.jpg,train,2792,outdoor,unknown,sun_sky,man_made,Adobe
train_2795.jpg,train,2795,outdoor,day,sun_sky,nature,AdobeMIT
train_2798.jpg,train,2798,outdoor,day,sun_sky,nature,AdobeMIT
train_2800.jpg,train,2800,outdoor,day,sun_sky,man_made,AdobeMIT
train_2802.jpg,train,2802,outdoor,day,sun_sky,nature,Adobe
train_2805.jpg,train,2805,outdoor,day,sun_sky,man_made,Adobe
train_2806.jpg,train,2806,outdoor,day,sun_sky,nature,AdobeMIT
train_2808.jpg,train,2808,outdoor,dusk,sun_sky,nature,Adobe
train_2809.jpg,train,2809,outdoor,day,sun_sky,nature,AdobeMIT
train_2812.jpg,train,2812,outdoor,unknown,sun_sky,nature,Adobe
train_2814.jpg,train,2814,outdoor,day,sun_sky,nature,AdobeMIT
train_2815.jpg,train,2815,outdoor,day,sun_sky,man_made,Adobe
train_2817.jpg,train,2817,outdoor,dusk,sun_sky,nature,AdobeMIT
train_2818.jpg,train,2818,outdoor,day,sun_sky,man_made,Adobe
train_2827.jpg,train,2827,outdoor,day,sun_sky,man_made,AdobeMIT
train_2828.jpg,train,2828,outdoor,day,sun_sky,nature,Adobe
train_2831.jpg,train,2831,outdoor,day,sun_sky,man_made,Adobe
train_2833.jpg,train,2833,outdoor,dusk,sun_sky,man_made,AdobeMIT
train_2835.jpg,train,2835,outdoor,dusk,sun_sky,nature,AdobeMIT
train_2836.jpg,train,2836,outdoor,day,sun_sky,man_made,AdobeMIT
train_2839.jpg,train,2839,outdoor,day,sun_sky,nature,AdobeMIT
train_2851.jpg,train,2851,outdoor,day,sun_sky,man_made,Adobe
train_2852.jpg,train,2852,outdoor,day,sun_sky,man_made,Adobe
train_2853.jpg,train,2853,outdoor,day,sun_sky,nature,Adobe
train_2857.jpg,train,2857,outdoor,day,sun_sky,nature,AdobeMIT
train_2858.jpg,train,2858,outdoor,day,sun_sky,nature,AdobeMIT
train_2861.jpg,train,2861,outdoor,day,sun_sky,nature,Adobe
train_2863.jpg,train,2863,outdoor,day,sun_sky,man_made,Adobe
train_2865.jpg,train,2865,outdoor,dusk,sun_sky,man_made,Adobe
train_2866.jpg,train,2866,outdoor,dusk,sun_sky,nature,AdobeMIT
train_2867.jpg,train,2867,outdoor,day,sun_sky,man_made,Adobe
train_2872.jpg,train,2872,outdoor,night,artificial,man_made,AdobeMIT
train_2874.jpg,train,2874,outdoor,unknown,sun_sky,nature,Adobe
train_2875.jpg,train,2875,outdoor,day,sun_sky,man_made,Adobe
train_2877.jpg,train,2877,outdoor,day,sun_sky,man_made,AdobeMIT
train_2878.jpg,train,2878,outdoor,day,sun_sky,man_made,Adobe
train_2879.jpg,train,2879,outdoor,day,sun_sky,man_made,AdobeMIT
train_2883.jpg,train,2883,outdoor,day,sun_sky,nature,AdobeMIT
train_2885.jpg,train,2885,outdoor,day,sun_sky,nature,AdobeMIT
train_2886.jpg,train,2886,outdoor,dusk,sun_sky,nature,AdobeMIT
train_2887.jpg,train,2887,outdoor,day,sun_sky,nature,AdobeMIT
train_2888.jpg,train,2888,outdoor,day,sun_sky,man_made,AdobeMIT
train_2889.jpg,train,2889,outdoor,night,artificial,man_made,AdobeMIT
train_2891.jpg,train,2891,outdoor,unknown,sun_sky,nature,AdobeMIT
train_2892.jpg,train,2892,outdoor,day,sun_sky,man_made,Adobe
train_2893.jpg,train,2893,outdoor,unknown,sun_sky,nature,AdobeMIT
train_2894.jpg,train,2894,outdoor,day,sun_sky,man_made,Adobe
train_2895.jpg,train,2895,outdoor,day,sun_sky,man_made,Adobe
train_2896.jpg,train,2896,outdoor,day,sun_sky,man_made,Adobe
train_2899.jpg,train,2899,outdoor,day,sun_sky,nature,AdobeMIT
train_2905.jpg,train,2905,outdoor,day,sun_sky,man_made,AdobeMIT
train_2906.jpg,train,2906,outdoor,day,sun_sky,nature,AdobeMIT
train_2907.jpg,train,2907,outdoor,day,sun_sky,nature,AdobeMIT
train_2908.jpg,train,2908,outdoor,day,sun_sky,man_made,Adobe
train_2909.jpg,train,2909,outdoor,day,sun_sky,nature,Adobe
train_2915.jpg,train,2915,outdoor,day,sun_sky,nature,Adobe
train_2916.jpg,train,2916,outdoor,day,sun_sky,man_made,Adobe
train_2918.jpg,train,2918,outdoor,day,sun_sky,man_made,AdobeMIT
train_2920.jpg,train,2920,outdoor,day,sun_sky,nature,AdobeMIT
train_2921.jpg,train,2921,outdoor,day,sun_sky,man_made,Adobe
train_2922.jpg,train,2922,outdoor,dusk,sun_sky,man_made,Adobe
train_2923.jpg,train,2923,outdoor,day,sun_sky,nature,Adobe
train_2924.jpg,train,2924,outdoor,day,sun_sky,man_made,AdobeMIT
train_2925.jpg,train,2925,outdoor,day,sun_sky,nature,AdobeMIT
train_2927.jpg,train,2927,outdoor,day,sun_sky,man_made,Adobe
train_2928.jpg,train,2928,outdoor,day,sun_sky,man_made,AdobeMIT
train_2930.jpg,train,2930,outdoor,night,artificial,man_made,Adobe
train_2932.jpg,train,2932,outdoor,day,sun_sky,nature,AdobeMIT
train_2933.jpg,train,2933,outdoor,day,sun_sky,man_made,AdobeMIT
train_2934.jpg,train,2934,outdoor,night,artificial,man_made,AdobeMIT
train_2937.jpg,train,2937,outdoor,day,sun_sky,man_made,Adobe
train_2941.jpg,train,2941,outdoor,night,artificial,man_made,Adobe
train_2944.jpg,train,2944,outdoor,day,sun_sky,man_made,Adobe
train_2950.jpg,train,2950,outdoor,day,sun_sky,man_made,AdobeMIT
train_2951.jpg,train,2951,outdoor,day,sun_sky,man_made,Adobe
train_2953.jpg,train,2953,outdoor,day,sun_sky,nature,Adobe
train_2954.jpg,train,2954,outdoor,day,sun_sky,man_made,AdobeMIT
train_2955.jpg,train,2955,outdoor,day,sun_sky,man_made,Adobe
train_2957.jpg,train,2957,outdoor,day,sun_sky,man_made,Adobe
train_2958.jpg,train,2958,outdoor,day,sun_sky,man_made,Adobe
train_2959.jpg,train,2959,outdoor,day,sun_sky,nature,AdobeMIT
train_2962.jpg,train,2962,outdoor,day,sun_sky,man_made,Adobe
train_2965.jpg,train,2965,outdoor,day,sun_sky,man_made,Adobe
train_2968.jpg,train,2968,outdoor,day,sun_sky,man_made,Adobe
train_2969.jpg,train,2969,outdoor,day,sun_sky,man_made,AdobeMIT
train_2970.jpg,train,2970,outdoor,day,sun_sky,man_made,Adobe
train_2971.jpg,train,2971,outdoor,unknown,sun_sky,man_made,AdobeMIT
train_2972.jpg,train,2972,outdoor,day,sun_sky,nature,AdobeMIT
train_2973.jpg,train,2973,outdoor,day,sun_sky,nature,AdobeMIT
train_2978.jpg,train,2978,outdoor,unknown,mixed,nature,Adobe
train_2979.jpg,train,2979,outdoor,dusk,sun_sky,man_made,Adobe
train_2980.jpg,train,2980,outdoor,day,sun_sky,nature,Adobe
train_2983.jpg,train,2983,outdoor,day,sun_sky,man_made,AdobeMIT
train_2984.jpg,train,2984,outdoor,day,sun_sky,man_made,Adobe
train_2986.jpg,train,2986,outdoor,dusk,sun_sky,nature,AdobeMIT
train_2987.jpg,train,2987,outdoor,day,sun_sky,man_made,AdobeMIT
train_2988.jpg,train,2988,outdoor,day,sun_sky,nature,Adobe
train_2991.jpg,train,2991,outdoor,day,sun_sky,man_made,AdobeMIT
train_2994.jpg,train,2994,outdoor,day,sun_sky,nature,AdobeMIT
train_2997.jpg,train,2997,outdoor,day,sun_sky,man_made,Adobe
train_2999.jpg,train,2999,outdoor,day,sun_sky,nature,Adobe
train_3000.jpg,train,3000,outdoor,day,sun_sky,nature,AdobeMIT
train_3001.jpg,train,3001,outdoor,day,sun_sky,man_made,AdobeMIT
train_3002.jpg,train,3002,outdoor,day,sun_sky,nature,AdobeMIT
train_3004.jpg,train,3004,outdoor,day,sun_sky,nature,AdobeMIT
train_3005.jpg,train,3005,outdoor,day,sun_sky,nature,AdobeMIT
train_3006.jpg,train,3006,outdoor,dusk,sun_sky,nature,AdobeMIT
train_3010.jpg,train,3010,outdoor,day,sun_sky,nature,AdobeMIT
train_3011.jpg,train,3011,outdoor,day,sun_sky,man_made,AdobeMIT
train_3015.jpg,train,3015,outdoor,day,sun_sky,man_made,Adobe
train_3018.jpg,train,3018,outdoor,day,sun_sky,nature,AdobeMIT
train_3019.jpg,train,3019,outdoor,day,sun_sky,man_made,AdobeMIT
train_3020.jpg,train,3020,outdoor,day,sun_sky,man_made,Adobe
train_3022.jpg,train,3022,outdoor,day,sun_sky,nature,AdobeMIT
train_3024.jpg,train,3024,outdoor,day,sun_sky,man_made,AdobeMIT
train_3025.jpg,train,3025,outdoor,day,sun_sky,nature,Adobe
train_3026.jpg,train,3026,outdoor,day,sun_sky,nature,Adobe
train_3027.jpg,train,3027,outdoor,day,sun_sky,nature,Adobe
train_3028.jpg,train,3028,outdoor,day,sun_sky,man_made,Adobe
train_3030.jpg,train,3030,outdoor,day,sun_sky,man_made,AdobeMIT
train_3031.jpg,train,3031,outdoor,day,sun_sky,nature,AdobeMIT
train_3032.jpg,train,3032,outdoor,day,sun_sky,nature,AdobeMIT
train_3034.jpg,train,3034,outdoor,dusk,mixed,man_made,AdobeMIT
train_3035.jpg,train,3035,outdoor,day,sun_sky,man_made,AdobeMIT
train_3043.jpg,train,3043,outdoor,day,sun_sky,man_made,Adobe
train_3045.jpg,train,3045,outdoor,day,sun_sky,man_made,Adobe
train_3046.jpg,train,3046,outdoor,day,sun_sky,man_made,Adobe
train_3047.jpg,train,3047,outdoor,day,sun_sky,man_made,AdobeMIT
train_3048.jpg,train,3048,outdoor,day,sun_sky,man_made,AdobeMIT
train_3049.jpg,train,3049,outdoor,day,sun_sky,man_made,Adobe
train_3050.jpg,train,3050,outdoor,day,sun_sky,man_made,AdobeMIT
train_3054.jpg,train,3054,outdoor,day,sun_sky,nature,AdobeMIT
train_3055.jpg,train,3055,outdoor,day,sun_sky,nature,AdobeMIT
train_3056.jpg,train,3056,outdoor,day,sun_sky,nature,AdobeMIT
train_3058.jpg,train,3058,outdoor,day,sun_sky,man_made,Adobe
train_3059.jpg,train,3059,outdoor,day,sun_sky,man_made,AdobeMIT
train_3061.jpg,train,3061,outdoor,day,sun_sky,man_made,AdobeMIT
train_3062.jpg,train,3062,outdoor,day,sun_sky,man_made,Adobe
train_3063.jpg,train,3063,outdoor,day,sun_sky,nature,AdobeMIT
train_3064.jpg,train,3064,outdoor,day,sun_sky,man_made,AdobeMIT
train_3065.jpg,train,3065,outdoor,day,sun_sky,man_made,AdobeMIT
train_3070.jpg,train,3070,outdoor,day,sun_sky,man_made,Adobe
train_3076.jpg,train,3076,outdoor,unknown,sun_sky,man_made,Adobe
train_3077.jpg,train,3077,outdoor,day,sun_sky,man_made,Adobe
train_3078.jpg,train,3078,outdoor,day,sun_sky,man_made,Adobe
train_3079.jpg,train,3079,outdoor,day,sun_sky,nature,Adobe
train_3082.jpg,train,3082,outdoor,dusk,sun_sky,nature,AdobeMIT
train_3083.jpg,train,3083,outdoor,day,sun_sky,man_made,Adobe
train_3085.jpg,train,3085,outdoor,dusk,sun_sky,man_made,Adobe
train_3091.jpg,train,3091,outdoor,day,sun_sky,man_made,Adobe
train_3095.jpg,train,3095,outdoor,dusk,sun_sky,man_made,Adobe
train_3097.jpg,train,3097,outdoor,day,sun_sky,nature,AdobeMIT
train_3105.jpg,train,3105,outdoor,day,sun_sky,nature,Adobe
train_3106.jpg,train,3106,outdoor,day,sun_sky,man_made,Adobe
train_3108.jpg,train,3108,outdoor,unknown,sun_sky,man_made,AdobeMIT
train_3110.jpg,train,3110,outdoor,day,sun_sky,nature,Adobe
train_3112.jpg,train,3112,outdoor,day,sun_sky,nature,Adobe
train_3114.jpg,train,3114,outdoor,day,sun_sky,nature,Adobe
train_3116.jpg,train,3116,outdoor,day,sun_sky,nature,AdobeMIT
train_3117.jpg,train,3117,outdoor,day,sun_sky,nature,AdobeMIT
train_3118.jpg,train,3118,outdoor,day,sun_sky,man_made,Adobe
train_3119.jpg,train,3119,outdoor,day,sun_sky,man_made,AdobeMIT
train_3121.jpg,train,3121,outdoor,unknown,sun_sky,nature,Adobe
train_3122.jpg,train,3122,outdoor,day,sun_sky,man_made,AdobeMIT
train_3124.jpg,train,3124,outdoor,day,sun_sky,man_made,Adobe
train_3125.jpg,train,3125,outdoor,unknown,sun_sky,man_made,Adobe
train_3127.jpg,train,3127,outdoor,day,sun_sky,man_made,Adobe
train_3128.jpg,train,3128,outdoor,day,sun_sky,man_made,AdobeMIT
train_3130.jpg,train,3130,outdoor,day,sun_sky,man_made,AdobeMIT
train_3131.jpg,train,3131,outdoor,dusk,sun_sky,man_made,Adobe
train_3132.jpg,train,3132,outdoor,day,sun_sky,nature,Adobe
train_3135.jpg,train,3135,outdoor,dusk,sun_sky,nature,Adobe
train_3136.jpg,train,3136,outdoor,day,sun_sky,man_made,AdobeMIT
train_3137.jpg,train,3137,outdoor,day,sun_sky,man_made,AdobeMIT
train_3138.jpg,train,3138,outdoor,day,sun_sky,nature,Adobe
train_3139.jpg,train,3139,outdoor,night,artificial,man_made,AdobeMIT
train_3141.jpg,train,3141,outdoor,dusk,sun_sky,man_made,Adobe
train_3146.jpg,train,3146,outdoor,day,sun_sky,nature,Adobe
train_3148.jpg,train,3148,outdoor,day,sun_sky,man_made,AdobeMIT
train_3149.jpg,train,3149,outdoor,day,sun_sky,man_made,AdobeMIT
train_3150.jpg,train,3150,outdoor,day,sun_sky,man_made,AdobeMIT
train_3153.jpg,train,3153,outdoor,dusk,sun_sky,man_made,Adobe
train_3154.jpg,train,3154,outdoor,day,sun_sky,man_made,Adobe
train_3157.jpg,train,3157,outdoor,day,sun_sky,man_made,AdobeMIT
train_3160.jpg,train,3160,outdoor,dusk,sun_sky,nature,Adobe
train_3165.jpg,train,3165,outdoor,day,sun_sky,nature,AdobeMIT
train_3166.jpg,train,3166,outdoor,day,sun_sky,man_made,Adobe
train_3167.jpg,train,3167,outdoor,day,sun_sky,man_made,AdobeMIT
train_3173.jpg,train,3173,outdoor,day,sun_sky,nature,Adobe
train_3176.jpg,train,3176,outdoor,day,sun_sky,nature,Adobe
train_3178.jpg,train,3178,outdoor,day,sun_sky,nature,AdobeMIT
train_3179.jpg,train,3179,outdoor,day,sun_sky,nature,Adobe
train_3180.jpg,train,3180,outdoor,day,sun_sky,man_made,AdobeMIT
train_3183.jpg,train,3183,outdoor,day,sun_sky,man_made,Adobe
train_3187.jpg,train,3187,outdoor,day,sun_sky,nature,AdobeMIT
train_3188.jpg,train,3188,outdoor,day,sun_sky,nature,AdobeMIT
train_3191.jpg,train,3191,outdoor,day,sun_sky,nature,Adobe
train_3192.jpg,train,3192,outdoor,day,sun_sky,man_made,Adobe
train_3194.jpg,train,3194,outdoor,day,sun_sky,man_made,AdobeMIT
train_3197.jpg,train,3197,outdoor,unknown,sun_sky,nature,AdobeMIT
train_3198.jpg,train,3198,outdoor,day,sun_sky,nature,AdobeMIT
train_3200.jpg,train,3200,outdoor,day,sun_sky,man_made,Adobe
train_3201.jpg,train,3201,outdoor,day,sun_sky,man_made,Adobe
train_3206.jpg,train,3206,outdoor,day,sun_sky,nature,Adobe
train_3207.jpg,train,3207,outdoor,day,sun_sky,nature,Adobe
train_3208.jpg,train,3208,outdoor,day,sun_sky,man_made,AdobeMIT
train_3209.jpg,train,3209,outdoor,day,sun_sky,nature,Adobe
train_3212.jpg,train,3212,outdoor,day,sun_sky,nature,Adobe
train_3221.jpg,train,3221,outdoor,day,sun_sky,nature,AdobeMIT
train_3223.jpg,train,3223,outdoor,day,sun_sky,man_made,Adobe
train_3224.jpg,train,3224,outdoor,day,sun_sky,nature,AdobeMIT
train_3230.jpg,train,3230,outdoor,day,sun_sky,nature,AdobeMIT
train_3231.jpg,train,3231,outdoor,day,sun_sky,man_made,Adobe
train_3232.jpg,train,3232,outdoor,day,sun_sky,nature,AdobeMIT
train_3235.jpg,train,3235,outdoor,dusk,sun_sky,nature,AdobeMIT
train_3239.jpg,train,3239,outdoor,day,sun_sky,man_made,AdobeMIT
train_3241.jpg,train,3241,outdoor,day,sun_sky,man_made,Adobe
train_3242.jpg,train,3242,outdoor,night,artificial,man_made,Adobe
train_3243.jpg,train,3243,outdoor,day,sun_sky,nature,AdobeMIT
train_3244.jpg,train,3244,outdoor,day,sun_sky,man_made,Adobe
train_3246.jpg,train,3246,outdoor,day,sun_sky,man_made,Adobe
train_3249.jpg,train,3249,outdoor,day,sun_sky,man_made,Adobe
train_3250.jpg,train,3250,outdoor,day,sun_sky,man_made,Adobe
train_3251.jpg,train,3251,outdoor,day,sun_sky,man_made,AdobeMIT
train_3253.jpg,train,3253,outdoor,day,sun_sky,nature,Adobe
train_3254.jpg,train,3254,outdoor,dusk,sun_sky,man_made,Adobe
train_3255.jpg,train,3255,outdoor,unknown,sun_sky,man_made,Adobe
train_3256.jpg,train,3256,outdoor,day,sun_sky,man_made,AdobeMIT
train_3260.jpg,train,3260,outdoor,day,sun_sky,nature,Adobe
train_3262.jpg,train,3262,outdoor,day,sun_sky,man_made,Adobe
train_3263.jpg,train,3263,outdoor,dusk,sun_sky,nature,AdobeMIT
train_3267.jpg,train,3267,outdoor,day,sun_sky,nature,AdobeMIT
train_3272.jpg,train,3272,outdoor,day,sun_sky,man_made,Adobe
train_3273.jpg,train,3273,outdoor,day,sun_sky,nature,AdobeMIT
train_3282.jpg,train,3282,outdoor,unknown,mixed,nature,AdobeMIT
train_3283.jpg,train,3283,outdoor,day,sun_sky,man_made,Adobe
train_3284.jpg,train,3284,outdoor,day,sun_sky,man_made,Adobe
train_3286.jpg,train,3286,outdoor,day,sun_sky,nature,Adobe
train_3287.jpg,train,3287,outdoor,day,sun_sky,man_made,Adobe
train_3290.jpg,train,3290,outdoor,unknown,sun_sky,man_made,Adobe
train_3292.jpg,train,3292,outdoor,day,sun_sky,man_made,Adobe
train_3293.jpg,train,3293,outdoor,day,sun_sky,man_made,AdobeMIT
train_3296.jpg,train,3296,outdoor,day,sun_sky,nature,Adobe
train_3297.jpg,train,3297,outdoor,day,sun_sky,nature,AdobeMIT
train_3304.jpg,train,3304,outdoor,day,sun_sky,man_made,AdobeMIT
train_3305.jpg,train,3305,outdoor,day,sun_sky,nature,Adobe
train_3307.jpg,train,3307,outdoor,day,sun_sky,man_made,Adobe
train_3308.jpg,train,3308,outdoor,day,sun_sky,nature,Adobe
train_3309.jpg,train,3309,outdoor,day,sun_sky,man_made,Adobe
train_3311.jpg,train,3311,outdoor,day,sun_sky,man_made,Adobe
train_3312.jpg,train,3312,outdoor,day,sun_sky,man_made,Adobe
train_3315.jpg,train,3315,outdoor,day,sun_sky,man_made,Adobe
train_3318.jpg,train,3318,outdoor,day,sun_sky,nature,AdobeMIT
train_3319.jpg,train,3319,outdoor,day,sun_sky,man_made,Adobe
train_3321.jpg,train,3321,outdoor,day,sun_sky,man_made,AdobeMIT
train_3323.jpg,train,3323,outdoor,day,sun_sky,nature,Adobe
train_3324.jpg,train,3324,outdoor,day,sun_sky,man_made,Adobe
train_3325.jpg,train,3325,outdoor,day,sun_sky,man_made,AdobeMIT
train_3326.jpg,train,3326,outdoor,day,sun_sky,nature,AdobeMIT
train_3328.jpg,train,3328,outdoor,day,sun_sky,man_made,Adobe
train_3329.jpg,train,3329,outdoor,day,sun_sky,man_made,Adobe
train_3330.jpg,train,3330,outdoor,day,sun_sky,man_made,Adobe
train_3331.jpg,train,3331,outdoor,day,sun_sky,man_made,Adobe
train_3333.jpg,train,3333,outdoor,day,sun_sky,man_made,Adobe
train_3334.jpg,train,3334,outdoor,day,sun_sky,man_made,Adobe
train_3336.jpg,train,3336,outdoor,day,sun_sky,nature,AdobeMIT
train_3339.jpg,train,3339,outdoor,day,sun_sky,man_made,AdobeMIT
train_3341.jpg,train,3341,outdoor,day,sun_sky,man_made,Adobe
train_3346.jpg,train,3346,outdoor,day,sun_sky,nature,AdobeMIT
train_3347.jpg,train,3347,outdoor,day,sun_sky,man_made,Adobe
train_3350.jpg,train,3350,outdoor,night,artificial,man_made,AdobeMIT
train_3352.jpg,train,3352,outdoor,day,sun_sky,man_made,AdobeMIT
train_3358.jpg,train,3358,outdoor,day,sun_sky,man_made,AdobeMIT
train_3361.jpg,train,3361,outdoor,day,sun_sky,man_made,Adobe
train_3362.jpg,train,3362,outdoor,dusk,sun_sky,man_made,AdobeMIT
train_3364.jpg,train,3364,outdoor,day,sun_sky,nature,AdobeMIT
train_3365.jpg,train,3365,outdoor,day,sun_sky,man_made,Adobe
train_3366.jpg,train,3366,outdoor,day,sun_sky,nature,Adobe
train_3367.jpg,train,3367,outdoor,unknown,sun_sky,nature,Adobe
train_3370.jpg,train,3370,outdoor,day,sun_sky,nature,Adobe
train_3372.jpg,train,3372,outdoor,day,sun_sky,man_made,AdobeMIT
train_3373.jpg,train,3373,outdoor,day,sun_sky,man_made,Adobe
train_3374.jpg,train,3374,outdoor,day,sun_sky,nature,AdobeMIT
train_3377.jpg,train,3377,outdoor,day,sun_sky,nature,AdobeMIT
train_3379.jpg,train,3379,outdoor,day,sun_sky,nature,AdobeMIT
train_3380.jpg,train,3380,outdoor,day,sun_sky,man_made,Adobe
train_3383.jpg,train,3383,outdoor,day,sun_sky,man_made,AdobeMIT
train_3385.jpg,train,3385,outdoor,day,sun_sky,nature,AdobeMIT
train_3386.jpg,train,3386,outdoor,day,sun_sky,man_made,Adobe
train_3387.jpg,train,3387,outdoor,day,sun_sky,man_made,Adobe
train_3388.jpg,train,3388,outdoor,night,sun_sky,man_made,AdobeMIT
train_3390.jpg,train,3390,outdoor,day,sun_sky,man_made,AdobeMIT
train_3392.jpg,train,3392,outdoor,night,artificial,man_made,Adobe
train_3393.jpg,train,3393,outdoor,day,sun_sky,man_made,Adobe
train_3394.jpg,train,3394,outdoor,day,sun_sky,nature,Adobe
train_3395.jpg,train,3395,outdoor,day,sun_sky,nature,AdobeMIT
train_3398.jpg,train,3398,outdoor,day,sun_sky,nature,AdobeMIT
train_3399.jpg,train,3399,outdoor,day,sun_sky,nature,Adobe
train_3402.jpg,train,3402,outdoor,day,sun_sky,man_made,Adobe
train_3407.jpg,train,3407,outdoor,day,sun_sky,nature,Adobe
train_3408.jpg,train,3408,outdoor,day,sun_sky,man_made,Adobe
train_3409.jpg,train,3409,outdoor,day,sun_sky,nature,AdobeMIT
train_3410.jpg,train,3410,outdoor,day,sun_sky,man_made,AdobeMIT
train_3412.jpg,train,3412,outdoor,day,sun_sky,nature,AdobeMIT
train_3422.jpg,train,3422,outdoor,day,sun_sky,man_made,Adobe
train_3423.jpg,train,3423,outdoor,day,sun_sky,nature,Adobe
train_3424.jpg,train,3424,outdoor,day,sun_sky,nature,AdobeMIT
train_3427.jpg,train,3427,outdoor,day,sun_sky,man_made,AdobeMIT
train_3428.jpg,train,3428,outdoor,day,sun_sky,nature,AdobeMIT
train_3431.jpg,train,3431,outdoor,day,sun_sky,man_made,Adobe
train_3433.jpg,train,3433,outdoor,day,sun_sky,nature,Adobe
train_3435.jpg,train,3435,outdoor,unknown,sun_sky,man_made,AdobeMIT
train_3436.jpg,train,3436,outdoor,day,sun_sky,man_made,AdobeMIT
train_3441.jpg,train,3441,outdoor,day,sun_sky,nature,Adobe
train_3442.jpg,train,3442,outdoor,day,sun_sky,man_made,Adobe
train_3444.jpg,train,3444,outdoor,day,sun_sky,man_made,Adobe
train_3445.jpg,train,3445,outdoor,day,sun_sky,nature,Adobe
train_3446.jpg,train,3446,outdoor,day,sun_sky,man_made,Adobe
train_3448.jpg,train,3448,outdoor,day,sun_sky,man_made,Adobe
train_3449.jpg,train,3449,outdoor,unknown,artificial,man_made,AdobeMIT
train_3450.jpg,train,3450,outdoor,night,artificial,man_made,Adobe
train_3451.jpg,train,3451,outdoor,day,sun_sky,nature,AdobeMIT
train_3454.jpg,train,3454,outdoor,day,sun_sky,nature,Adobe
train_3460.jpg,train,3460,outdoor,day,sun_sky,nature,Adobe
train_3461.jpg,train,3461,outdoor,day,sun_sky,man_made,Adobe
train_3463.jpg,train,3463,outdoor,day,sun_sky,nature,Adobe
train_3465.jpg,train,3465,outdoor,day,sun_sky,nature,Adobe
train_3469.jpg,train,3469,outdoor,day,sun_sky,man_made,Adobe
train_3470.jpg,train,3470,outdoor,day,sun_sky,man_made,AdobeMIT
train_3472.jpg,train,3472,outdoor,day,sun_sky,man_made,Adobe
train_3473.jpg,train,3473,outdoor,day,sun_sky,man_made,Adobe
train_3477.jpg,train,3477,outdoor,day,sun_sky,nature,AdobeMIT
train_3482.jpg,train,3482,outdoor,day,sun_sky,man_made,Adobe
train_3483.jpg,train,3483,outdoor,day,sun_sky,man_made,AdobeMIT
train_3485.jpg,train,3485,outdoor,day,sun_sky,man_made,Adobe
train_3486.jpg,train,3486,outdoor,day,sun_sky,man_made,AdobeMIT
train_3487.jpg,train,3487,outdoor,day,sun_sky,man_made,Adobe
train_3488.jpg,train,3488,outdoor,day,sun_sky,man_made,Adobe
train_3494.jpg,train,3494,outdoor,day,sun_sky,nature,AdobeMIT
train_3496.jpg,train,3496,outdoor,day,sun_sky,man_made,AdobeMIT
train_3498.jpg,train,3498,outdoor,night,mixed,man_made,Adobe
train_3499.jpg,train,3499,outdoor,day,sun_sky,man_made,AdobeMIT
validation_0000.jpg,validation,0,outdoor,day,sun_sky,man_made,AdobeMIT
validation_0005.jpg,validation,5,outdoor,unknown,sun_sky,man_made,AdobeMIT
validation_0007.jpg,validation,7,outdoor,day,sun_sky,man_made,Adobe
validation_0008.jpg,validation,8,outdoor,day,sun_sky,man_made,AdobeMIT
validation_0010.jpg,validation,10,outdoor,night,mixed,man_made,Adobe
validation_0014.jpg,validation,14,outdoor,day,sun_sky,nature,AdobeMIT
validation_0015.jpg,validation,15,outdoor,day,sun_sky,nature,AdobeMIT
validation_0019.jpg,validation,19,outdoor,day,sun_sky,man_made,Adobe
validation_0021.jpg,validation,21,outdoor,unknown,mixed,nature,AdobeMIT
validation_0025.jpg,validation,25,outdoor,day,sun_sky,nature,Adobe
validation_0028.jpg,validation,28,outdoor,day,sun_sky,man_made,AdobeMIT
validation_0029.jpg,validation,29,outdoor,dusk,sun_sky,man_made,Adobe
validation_0034.jpg,validation,34,outdoor,day,sun_sky,man_made,Adobe
validation_0036.jpg,validation,36,outdoor,unknown,sun_sky,man_made,Adobe
validation_0038.jpg,validation,38,outdoor,day,sun_sky,nature,Adobe
validation_0039.jpg,validation,39,outdoor,day,sun_sky,man_made,AdobeMIT
validation_0040.jpg,validation,40,outdoor,day,sun_sky,man_made,Adobe
validation_0041.jpg,validation,41,outdoor,unknown,sun_sky,man_made,Adobe
validation_0042.jpg,validation,42,outdoor,day,sun_sky,man_made,AdobeMIT
validation_0045.jpg,validation,45,outdoor,dusk,sun_sky,man_made,AdobeMIT
validation_0046.jpg,validation,46,outdoor,day,sun_sky,man_made,Adobe
validation_0047.jpg,validation,47,outdoor,day,sun_sky,man_made,Adobe
validation_0049.jpg,validation,49,outdoor,day,sun_sky,nature,AdobeMIT
validation_0050.jpg,validation,50,outdoor,day,sun_sky,man_made,Adobe
validation_0051.jpg,validation,51,outdoor,day,sun_sky,nature,AdobeMIT
validation_0052.jpg,validation,52,outdoor,day,sun_sky,nature,Adobe
validation_0053.jpg,validation,53,outdoor,day,sun_sky,nature,Adobe
validation_0055.jpg,validation,55,outdoor,day,sun_sky,nature,Adobe
validation_0056.jpg,validation,56,outdoor,day,sun_sky,man_made,Adobe
validation_0057.jpg,validation,57,outdoor,day,sun_sky,nature,AdobeMIT
validation_0061.jpg,validation,61,outdoor,unknown,sun_sky,man_made,Adobe
validation_0062.jpg,validation,62,outdoor,day,sun_sky,man_made,AdobeMIT
validation_0064.jpg,validation,64,outdoor,day,sun_sky,nature,AdobeMIT
validation_0065.jpg,validation,65,outdoor,day,sun_sky,nature,AdobeMIT
validation_0069.jpg,validation,69,outdoor,day,sun_sky,man_made,Adobe
validation_0073.jpg,validation,73,outdoor,day,sun_sky,nature,AdobeMIT
validation_0080.jpg,validation,80,outdoor,day,sun_sky,man_made,AdobeMIT
validation_0081.jpg,validation,81,outdoor,day,sun_sky,nature,AdobeMIT
validation_0082.jpg,validation,82,outdoor,day,sun_sky,man_made,Adobe
validation_0083.jpg,validation,83,outdoor,unknown,mixed,man_made,AdobeMIT
validation_0084.jpg,validation,84,outdoor,day,sun_sky,nature,AdobeMIT
validation_0085.jpg,validation,85,outdoor,day,sun_sky,man_made,Adobe
validation_0086.jpg,validation,86,outdoor,day,sun_sky,man_made,Adobe
validation_0087.jpg,validation,87,outdoor,day,sun_sky,man_made,Adobe
validation_0088.jpg,validation,88,outdoor,day,sun_sky,man_made,Adobe
validation_0090.jpg,validation,90,outdoor,day,sun_sky,man_made,Adobe
validation_0092.jpg,validation,92,outdoor,day,sun_sky,man_made,Adobe
validation_0093.jpg,validation,93,outdoor,day,sun_sky,nature,AdobeMIT
validation_0095.jpg,validation,95,outdoor,day,sun_sky,man_made,Adobe
validation_0097.jpg,validation,97,outdoor,day,sun_sky,nature,Adobe
validation_0098.jpg,validation,98,outdoor,day,sun_sky,man_made,AdobeMIT
validation_0103.jpg,validation,103,outdoor,day,sun_sky,man_made,Adobe
validation_0106.jpg,validation,106,outdoor,day,sun_sky,man_made,Adobe
validation_0107.jpg,validation,107,outdoor,day,sun_sky,man_made,Adobe
validation_0108.jpg,validation,108,outdoor,day,sun_sky,man_made,AdobeMIT
validation_0109.jpg,validation,109,outdoor,day,sun_sky,man_made,Adobe
validation_0110.jpg,validation,110,outdoor,day,sun_sky,man_made,Adobe
validation_0111.jpg,validation,111,outdoor,day,sun_sky,man_made,Adobe
validation_0112.jpg,validation,112,outdoor,day,sun_sky,nature,AdobeMIT
validation_0114.jpg,validation,114,outdoor,day,sun_sky,man_made,AdobeMIT
validation_0118.jpg,validation,118,outdoor,day,sun_sky,man_made,Adobe
validation_0120.jpg,validation,120,outdoor,day,sun_sky,man_made,Adobe
validation_0122.jpg,validation,122,outdoor,day,sun_sky,nature,AdobeMIT
validation_0126.jpg,validation,126,outdoor,day,sun_sky,man_made,AdobeMIT
validation_0127.jpg,validation,127,outdoor,day,sun_sky,nature,AdobeMIT
validation_0128.jpg,validation,128,outdoor,day,sun_sky,man_made,Adobe
validation_0134.jpg,validation,134,outdoor,night,artificial,man_made,AdobeMIT
validation_0135.jpg,validation,135,outdoor,day,sun_sky,man_made,AdobeMIT
validation_0136.jpg,validation,136,outdoor,dusk,sun_sky,man_made,AdobeMIT
validation_0137.jpg,validation,137,outdoor,day,sun_sky,man_made,AdobeMIT
validation_0143.jpg,validation,143,outdoor,day,sun_sky,man_made,Adobe
validation_0144.jpg,validation,144,outdoor,day,sun_sky,man_made,Adobe
validation_0148.jpg,validation,148,outdoor,day,sun_sky,man_made,Adobe
validation_0152.jpg,validation,152,outdoor,day,sun_sky,man_made,Adobe
validation_0155.jpg,validation,155,outdoor,unknown,mixed,man_made,Adobe
validation_0156.jpg,validation,156,outdoor,day,sun_sky,man_made,Adobe
validation_0159.jpg,validation,159,outdoor,day,sun_sky,nature,AdobeMIT
validation_0160.jpg,validation,160,outdoor,day,sun_sky,man_made,Adobe
validation_0162.jpg,validation,162,outdoor,day,sun_sky,man_made,Adobe
validation_0166.jpg,validation,166,outdoor,day,sun_sky,man_made,AdobeMIT
validation_0169.jpg,validation,169,outdoor,day,sun_sky,man_made,Adobe
validation_0170.jpg,validation,170,outdoor,day,sun_sky,man_made,AdobeMIT
validation_0175.jpg,validation,175,outdoor,unknown,sun_sky,man_made,Adobe
validation_0177.jpg,validation,177,outdoor,day,sun_sky,man_made,Adobe
validation_0181.jpg,validation,181,outdoor,day,sun_sky,nature,Adobe
validation_0183.jpg,validation,183,outdoor,dusk,sun_sky,nature,Adobe
validation_0189.jpg,validation,189,outdoor,day,sun_sky,nature,AdobeMIT
validation_0191.jpg,validation,191,outdoor,day,sun_sky,man_made,AdobeMIT
validation_0192.jpg,validation,192,outdoor,day,sun_sky,nature,AdobeMIT
validation_0193.jpg,validation,193,outdoor,day,sun_sky,nature,Adobe
validation_0194.jpg,validation,194,outdoor,day,sun_sky,nature,AdobeMIT
validation_0195.jpg,validation,195,outdoor,day,sun_sky,man_made,AdobeMIT
validation_0197.jpg,validation,197,outdoor,night,mixed,man_made,Adobe
validation_0203.jpg,validation,203,outdoor,day,sun_sky,nature,Adobe
validation_0204.jpg,validation,204,outdoor,day,sun_sky,man_made,Adobe
validation_0209.jpg,validation,209,outdoor,day,sun_sky,man_made,AdobeMIT
validation_0210.jpg,validation,210,outdoor,day,sun_sky,man_made,AdobeMIT
validation_0211.jpg,validation,211,outdoor,day,sun_sky,man_made,Adobe
validation_0213.jpg,validation,213,outdoor,day,sun_sky,nature,AdobeMIT
validation_0216.jpg,validation,216,outdoor,day,sun_sky,man_made,Adobe
validation_0217.jpg,validation,217,outdoor,day,sun_sky,man_made,AdobeMIT
validation_0219.jpg,validation,219,outdoor,day,sun_sky,man_made,Adobe
validation_0222.jpg,validation,222,outdoor,day,sun_sky,nature,Adobe
validation_0226.jpg,validation,226,outdoor,night,artificial,man_made,AdobeMIT
validation_0227.jpg,validation,227,outdoor,day,sun_sky,nature,AdobeMIT
validation_0230.jpg,validation,230,outdoor,day,sun_sky,man_made,Adobe
validation_0233.jpg,validation,233,outdoor,day,sun_sky,nature,AdobeMIT
validation_0234.jpg,validation,234,outdoor,night,artificial,man_made,AdobeMIT
validation_0235.jpg,validation,235,outdoor,day,sun_sky,man_made,AdobeMIT
validation_0236.jpg,validation,236,outdoor,day,sun_sky,man_made,Adobe
validation_0237.jpg,validation,237,outdoor,day,sun_sky,man_made,AdobeMIT
validation_0238.jpg,validation,238,outdoor,day,sun_sky,nature,AdobeMIT
validation_0239.jpg,validation,239,outdoor,day,sun_sky,man_made,Adobe
validation_0242.jpg,validation,242,outdoor,night,mixed,man_made,Adobe
validation_0244.jpg,validation,244,outdoor,day,sun_sky,man_made,Adobe
validation_0245.jpg,validation,245,outdoor,day,sun_sky,man_made,Adobe
validation_0248.jpg,validation,248,outdoor,day,sun_sky,man_made,Adobe
validation_0249.jpg,validation,249,outdoor,dusk,sun_sky,man_made,Adobe
validation_0251.jpg,validation,251,outdoor,day,sun_sky,man_made,Adobe
validation_0252.jpg,validation,252,outdoor,day,sun_sky,man_made,Adobe
validation_0253.jpg,validation,253,outdoor,day,sun_sky,man_made,AdobeMIT
validation_0254.jpg,validation,254,outdoor,day,sun_sky,man_made,AdobeMIT
validation_0255.jpg,validation,255,outdoor,day,sun_sky,man_made,AdobeMIT
validation_0256.jpg,validation,256,outdoor,night,sun_sky,man_made,AdobeMIT
validation_0259.jpg,validation,259,outdoor,unknown,sun_sky,man_made,Adobe
validation_0262.jpg,validation,262,outdoor,day,sun_sky,man_made,AdobeMIT
validation_0263.jpg,validation,263,outdoor,day,sun_sky,man_made,AdobeMIT
validation_0264.jpg,validation,264,outdoor,day,sun_sky,nature,AdobeMIT
validation_0265.jpg,validation,265,outdoor,day,sun_sky,nature,Adobe
validation_0267.jpg,validation,267,outdoor,day,sun_sky,nature,AdobeMIT
validation_0268.jpg,validation,268,outdoor,day,sun_sky,man_made,AdobeMIT
validation_0269.jpg,validation,269,outdoor,day,sun_sky,man_made,Adobe
validation_0270.jpg,validation,270,outdoor,day,sun_sky,man_made,Adobe
validation_0271.jpg,validation,271,outdoor,day,sun_sky,man_made,Adobe
validation_0273.jpg,validation,273,outdoor,day,sun_sky,man_made,Adobe
validation_0274.jpg,validation,274,outdoor,day,sun_sky,man_made,Adobe
validation_0276.jpg,validation,276,outdoor,unknown,sun_sky,man_made,AdobeMIT
validation_0278.jpg,validation,278,outdoor,day,sun_sky,nature,AdobeMIT
validation_0280.jpg,validation,280,outdoor,night,artificial,man_made,Adobe
validation_0281.jpg,validation,281,outdoor,day,sun_sky,nature,AdobeMIT
validation_0282.jpg,validation,282,outdoor,day,sun_sky,nature,AdobeMIT
validation_0284.jpg,validation,284,outdoor,day,sun_sky,nature,Adobe
validation_0285.jpg,validation,285,outdoor,day,sun_sky,nature,Adobe
validation_0286.jpg,validation,286,outdoor,day,sun_sky,man_made,AdobeMIT
validation_0287.jpg,validation,287,outdoor,dusk,sun_sky,man_made,AdobeMIT
validation_0292.jpg,validation,292,outdoor,day,sun_sky,man_made,AdobeMIT
validation_0294.jpg,validation,294,outdoor,day,sun_sky,nature,Adobe
validation_0296.jpg,validation,296,outdoor,day,sun_sky,man_made,Adobe
validation_0298.jpg,validation,298,outdoor,day,sun_sky,man_made,AdobeMIT
validation_0300.jpg,validation,300,outdoor,day,sun_sky,man_made,AdobeMIT
validation_0302.jpg,validation,302,outdoor,day,sun_sky,man_made,Adobe
validation_0303.jpg,validation,303,outdoor,dusk,sun_sky,nature,AdobeMIT
validation_0306.jpg,validation,306,outdoor,day,sun_sky,nature,AdobeMIT
validation_0314.jpg,validation,314,outdoor,day,sun_sky,man_made,AdobeMIT
validation_0315.jpg,validation,315,outdoor,day,sun_sky,man_made,Adobe
validation_0316.jpg,validation,316,outdoor,day,sun_sky,nature,Adobe
validation_0320.jpg,validation,320,outdoor,day,sun_sky,nature,AdobeMIT
validation_0321.jpg,validation,321,outdoor,night,artificial,man_made,Adobe
validation_0323.jpg,validation,323,outdoor,dusk,sun_sky,man_made,Adobe
validation_0325.jpg,validation,325,outdoor,night,mixed,man_made,AdobeMIT
validation_0326.jpg,validation,326,outdoor,day,sun_sky,nature,AdobeMIT
validation_0328.jpg,validation,328,outdoor,dusk,sun_sky,nature,AdobeMIT
validation_0330.jpg,validation,330,outdoor,day,sun_sky,man_made,AdobeMIT
validation_0332.jpg,validation,332,outdoor,day,sun_sky,man_made,AdobeMIT
validation_0333.jpg,validation,333,outdoor,day,sun_sky,man_made,Adobe
validation_0334.jpg,validation,334,outdoor,day,sun_sky,man_made,AdobeMIT
validation_0336.jpg,validation,336,outdoor,dusk,sun_sky,man_made,Adobe
validation_0337.jpg,validation,337,outdoor,day,sun_sky,nature,AdobeMIT
validation_0339.jpg,validation,339,outdoor,unknown,sun_sky,man_made,Adobe
validation_0341.jpg,validation,341,outdoor,day,sun_sky,nature,Adobe
validation_0342.jpg,validation,342,outdoor,day,sun_sky,man_made,AdobeMIT
validation_0343.jpg,validation,343,outdoor,day,sun_sky,man_made,AdobeMIT
validation_0344.jpg,validation,344,outdoor,day,mixed,man_made,Adobe
validation_0345.jpg,validation,345,outdoor,day,sun_sky,man_made,Adobe
validation_0347.jpg,validation,347,outdoor,day,sun_sky,man_made,AdobeMIT
validation_0348.jpg,validation,348,outdoor,day,sun_sky,nature,AdobeMIT
validation_0352.jpg,validation,352,outdoor,unknown,sun_sky,nature,AdobeMIT
validation_0353.jpg,validation,353,outdoor,day,sun_sky,man_made,AdobeMIT
validation_0354.jpg,validation,354,outdoor,dusk,sun_sky,nature,Adobe
validation_0355.jpg,validation,355,outdoor,unknown,sun_sky,man_made,AdobeMIT
validation_0358.jpg,validation,358,outdoor,night,mixed,man_made,AdobeMIT
validation_0362.jpg,validation,362,outdoor,dusk,sun_sky,nature,Adobe
validation_0363.jpg,validation,363,outdoor,day,sun_sky,nature,Adobe
validation_0369.jpg,validation,369,outdoor,dusk,sun_sky,man_made,Adobe
validation_0370.jpg,validation,370,outdoor,day,sun_sky,man_made,AdobeMIT
validation_0373.jpg,validation,373,outdoor,day,sun_sky,man_made,AdobeMIT
validation_0374.jpg,validation,374,outdoor,day,sun_sky,man_made,Adobe
validation_0375.jpg,validation,375,outdoor,unknown,sun_sky,man_made,AdobeMIT
validation_0376.jpg,validation,376,outdoor,dusk,sun_sky,man_made,AdobeMIT
validation_0377.jpg,validation,377,outdoor,day,sun_sky,man_made,AdobeMIT
validation_0378.jpg,validation,378,outdoor,day,sun_sky,man_made,Adobe
validation_0380.jpg,validation,380,outdoor,dusk,sun_sky,man_made,Adobe
validation_0386.jpg,validation,386,outdoor,day,sun_sky,man_made,Adobe
validation_0387.jpg,validation,387,outdoor,day,sun_sky,man_made,AdobeMIT
validation_0388.jpg,validation,388,outdoor,unknown,sun_sky,nature,AdobeMIT
validation_0389.jpg,validation,389,outdoor,day,sun_sky,nature,AdobeMIT
validation_0390.jpg,validation,390,outdoor,day,sun_sky,man_made,Adobe
validation_0391.jpg,validation,391,outdoor,day,sun_sky,man_made,AdobeMIT
validation_0392.jpg,validation,392,outdoor,day,sun_sky,nature,Adobe
validation_0394.jpg,validation,394,outdoor,day,sun_sky,man_made,Adobe
validation_0395.jpg,validation,395,outdoor,day,sun_sky,man_made,AdobeMIT
validation_0398.jpg,validation,398,outdoor,day,sun_sky,man_made,Adobe
validation_0399.jpg,validation,399,outdoor,day,sun_sky,nature,Adobe
validation_0400.jpg,validation,400,outdoor,day,sun_sky,nature,Adobe
validation_0402.jpg,validation,402,outdoor,day,sun_sky,nature,Adobe
validation_0403.jpg,validation,403,outdoor,day,sun_sky,man_made,Adobe
validation_0412.jpg,validation,412,outdoor,day,sun_sky,nature,AdobeMIT
validation_0416.jpg,validation,416,outdoor,day,sun_sky,man_made,AdobeMIT
validation_0417.jpg,validation,417,outdoor,day,sun_sky,man_made,Adobe
validation_0423.jpg,validation,423,outdoor,day,sun_sky,nature,Adobe
validation_0424.jpg,validation,424,outdoor,day,sun_sky,man_made,Adobe
validation_0425.jpg,validation,425,outdoor,day,sun_sky,man_made,Adobe
validation_0427.jpg,validation,427,outdoor,night,artificial,man_made,Adobe
validation_0428.jpg,validation,428,outdoor,day,sun_sky,nature,AdobeMIT
validation_0429.jpg,validation,429,outdoor,day,sun_sky,man_made,Adobe
validation_0431.jpg,validation,431,outdoor,day,sun_sky,man_made,AdobeMIT
validation_0432.jpg,validation,432,outdoor,day,sun_sky,man_made,AdobeMIT
validation_0442.jpg,validation,442,outdoor,day,sun_sky,nature,Adobe
validation_0444.jpg,validation,444,outdoor,day,sun_sky,man_made,Adobe
validation_0446.jpg,validation,446,outdoor,day,sun_sky,nature,AdobeMIT
validation_0448.jpg,validation,448,outdoor,day,sun_sky,man_made,Adobe
validation_0450.jpg,validation,450,outdoor,day,sun_sky,man_made,Adobe
validation_0452.jpg,validation,452,outdoor,day,sun_sky,man_made,AdobeMIT
validation_0455.jpg,validation,455,outdoor,day,sun_sky,nature,Adobe
validation_0456.jpg,validation,456,outdoor,day,sun_sky,man_made,Adobe
validation_0459.jpg,validation,459,outdoor,unknown,sun_sky,nature,Adobe
validation_0461.jpg,validation,461,outdoor,day,sun_sky,man_made,AdobeMIT
validation_0463.jpg,validation,463,outdoor,day,sun_sky,nature,AdobeMIT
validation_0464.jpg,validation,464,outdoor,day,sun_sky,man_made,Adobe
validation_0466.jpg,validation,466,outdoor,day,sun_sky,nature,Adobe
validation_0467.jpg,validation,467,outdoor,day,sun_sky,man_made,AdobeMIT
validation_0470.jpg,validation,470,outdoor,day,sun_sky,man_made,Adobe
validation_0474.jpg,validation,474,outdoor,day,sun_sky,man_made,Adobe
validation_0475.jpg,validation,475,outdoor,day,sun_sky,man_made,Adobe
validation_0477.jpg,validation,477,outdoor,day,sun_sky,nature,Adobe
validation_0481.jpg,validation,481,outdoor,day,sun_sky,man_made,Adobe
validation_0482.jpg,validation,482,outdoor,night,artificial,man_made,Adobe
validation_0483.jpg,validation,483,outdoor,day,sun_sky,nature,Adobe
validation_0484.jpg,validation,484,outdoor,day,sun_sky,nature,AdobeMIT
validation_0485.jpg,validation,485,outdoor,day,sun_sky,nature,AdobeMIT
validation_0486.jpg,validation,486,outdoor,dusk,sun_sky,man_made,Adobe
validation_0492.jpg,validation,492,outdoor,day,sun_sky,nature,Adobe
validation_0494.jpg,validation,494,outdoor,day,sun_sky,nature,Adobe
validation_0495.jpg,validation,495,outdoor,day,sun_sky,nature,AdobeMIT
validation_0499.jpg,validation,499,outdoor,day,sun_sky,man_made,Adobe
